{"type":"FeatureCollection","metadata":{"source":"buildings_with_CDM_results_*.gpkg aggregated to CBS buurten (wijken en buurten)","doi_data":"10.5281/zenodo.8344580","scenarios":["SQ","2030","2050_L","2050_M","2050_H"],"note":"values are per-buurt sums of building-level model output"},"features":[{"type":"Feature","properties":{"buurtcode":"BU05180271","buurtnaam":"Belgisch Park","SQ__E_cooling_kWh":4425631.9,"SQ__floor_area_m2":372921.0,"SQ__GHG_kgCO2eq":76104.8,"SQ__population":7022.0,"SQ__n_buildings":906,"2030__E_cooling_kWh":4952467.7,"2030__floor_area_m2":372921.0,"2030__GHG_kgCO2eq":96227.0,"2030__population":7010.0,"2030__n_buildings":906,"2050_L__E_cooling_kWh":6158057.0,"2050_L__floor_area_m2":372921.0,"2050_L__GHG_kgCO2eq":27085.3,"2050_L__population":7010.0,"2050_L__n_buildings":906,"2050_M__E_cooling_kWh":6043568.8,"2050_M__floor_area_m2":372921.0,"2050_M__GHG_kgCO2eq":42279.0,"2050_M__population":7010.0,"2050_M__n_buildings":906,"2050_H__E_cooling_kWh":8016044.8,"2050_H__floor_area_m2":372921.0,"2050_H__GHG_kgCO2eq":285365.6,"2050_H__population":7010.0,"2050_H__n_buildings":906},"geometry":{"type":"Polygon","coordinates":[[[4.28666,52.11924],[4.29084,52.11656],[4.29331,52.11426],[4.29418,52.11412],[4.29402,52.11376],[4.2997,52.11231],[4.30398,52.11084],[4.30208,52.10615],[4.29934,52.10799],[4.29741,52.10762],[4.29482,52.10781],[4.29171,52.10745],[4.28262,52.11254],[4.28326,52.11297],[4.28327,52.11327],[4.28015,52.11539],[4.28166,52.11623],[4.27991,52.1172],[4.27972,52.11678],[4.27925,52.11676],[4.27914,52.11723],[4.27986,52.11733],[4.27969,52.11781],[4.28006,52.11791],[4.28004,52.11733],[4.28044,52.11711],[4.2809,52.11717],[4.2808,52.11747],[4.28105,52.11751],[4.28119,52.11718],[4.28053,52.11706],[4.28184,52.11632],[4.28354,52.11762],[4.28666,52.11924]]]}},{"type":"Feature","properties":{"buurtcode":"BU05180373","buurtnaam":"Westbroekpark","SQ__E_cooling_kWh":1298625.2,"SQ__floor_area_m2":80465.0,"SQ__GHG_kgCO2eq":26539.7,"SQ__population":1363.7,"SQ__n_buildings":121,"2030__E_cooling_kWh":1429152.8,"2030__floor_area_m2":80465.0,"2030__GHG_kgCO2eq":31189.8,"2030__population":1356.3,"2030__n_buildings":121,"2050_L__E_cooling_kWh":1559972.2,"2050_L__floor_area_m2":80465.0,"2050_L__GHG_kgCO2eq":7524.4,"2050_L__population":1356.3,"2050_L__n_buildings":121,"2050_M__E_cooling_kWh":1629503.9,"2050_M__floor_area_m2":80465.0,"2050_M__GHG_kgCO2eq":11948.7,"2050_M__population":1356.3,"2050_M__n_buildings":121,"2050_H__E_cooling_kWh":2025869.6,"2050_H__floor_area_m2":80465.0,"2050_H__GHG_kgCO2eq":72981.6,"2050_H__population":1356.3,"2050_H__n_buildings":121},"geometry":{"type":"Polygon","coordinates":[[[4.29023,52.10828],[4.30086,52.10205],[4.30123,52.10124],[4.30118,52.10026],[4.3,52.09899],[4.29714,52.10026],[4.28653,52.10417],[4.28577,52.10409],[4.2871,52.10549],[4.28716,52.10605],[4.28788,52.10632],[4.28947,52.10797],[4.29023,52.10828]]]}},{"type":"Feature","properties":{"buurtcode":"BU05180374","buurtnaam":"Duttendel","SQ__E_cooling_kWh":5313215.5,"SQ__floor_area_m2":125434.0,"SQ__GHG_kgCO2eq":255487.1,"SQ__population":4619.6,"SQ__n_buildings":165,"2030__E_cooling_kWh":6040630.9,"2030__floor_area_m2":125434.0,"2030__GHG_kgCO2eq":200856.2,"2030__population":4467.2,"2030__n_buildings":165,"2050_L__E_cooling_kWh":6215615.6,"2050_L__floor_area_m2":125434.0,"2050_L__GHG_kgCO2eq":33483.1,"2050_L__population":4467.2,"2050_L__n_buildings":165,"2050_M__E_cooling_kWh":6519132.1,"2050_M__floor_area_m2":125434.0,"2050_M__GHG_kgCO2eq":50960.9,"2050_M__population":4467.2,"2050_M__n_buildings":165,"2050_H__E_cooling_kWh":7053679.1,"2050_H__floor_area_m2":125434.0,"2050_H__GHG_kgCO2eq":221396.9,"2050_H__population":4467.2,"2050_H__n_buildings":165},"geometry":{"type":"Polygon","coordinates":[[[4.3073,52.10978],[4.30716,52.10964],[4.31288,52.10754],[4.31604,52.10683],[4.31868,52.10691],[4.32254,52.10772],[4.32162,52.10641],[4.31135,52.1017],[4.311,52.10132],[4.31134,52.10092],[4.31115,52.10036],[4.31011,52.09998],[4.3091,52.099],[4.30961,52.09874],[4.30689,52.09682],[4.30566,52.0966],[4.30466,52.09677],[4.30129,52.09827],[4.29985,52.09866],[4.30118,52.10026],[4.30123,52.10124],[4.30086,52.10205],[4.29171,52.10745],[4.29482,52.10781],[4.29741,52.10762],[4.29934,52.10799],[4.30208,52.10615],[4.30398,52.11084],[4.3073,52.10978]]]}},{"type":"Feature","properties":{"buurtcode":"BU05180448","buurtnaam":"Nassaubuurt","SQ__E_cooling_kWh":12703432.5,"SQ__floor_area_m2":200234.0,"SQ__GHG_kgCO2eq":637856.5,"SQ__population":9291.8,"SQ__n_buildings":283,"2030__E_cooling_kWh":12890499.4,"2030__floor_area_m2":200234.0,"2030__GHG_kgCO2eq":435898.8,"2030__population":8941.1,"2030__n_buildings":283,"2050_L__E_cooling_kWh":13066675.8,"2050_L__floor_area_m2":200234.0,"2050_L__GHG_kgCO2eq":72658.3,"2050_L__population":8941.1,"2050_L__n_buildings":283,"2050_M__E_cooling_kWh":13679847.8,"2050_M__floor_area_m2":200234.0,"2050_M__GHG_kgCO2eq":108320.1,"2050_M__population":8941.1,"2050_M__n_buildings":283,"2050_H__E_cooling_kWh":14789997.5,"2050_H__floor_area_m2":200234.0,"2050_H__GHG_kgCO2eq":451108.1,"2050_H__population":8941.1,"2050_H__n_buildings":283},"geometry":{"type":"Polygon","coordinates":[[[4.31943,52.09247],[4.32142,52.09044],[4.32237,52.08897],[4.31842,52.08702],[4.31518,52.08606],[4.31204,52.08991],[4.31349,52.09062],[4.31584,52.09142],[4.31605,52.09123],[4.31943,52.09247]]]}},{"type":"Feature","properties":{"buurtcode":"BU05180475","buurtnaam":"Uilennest","SQ__E_cooling_kWh":756131.7,"SQ__floor_area_m2":133670.0,"SQ__GHG_kgCO2eq":14151.3,"SQ__population":2603.8,"SQ__n_buildings":292,"2030__E_cooling_kWh":907134.4,"2030__floor_area_m2":133670.0,"2030__GHG_kgCO2eq":19562.1,"2030__population":2601.0,"2030__n_buildings":292,"2050_L__E_cooling_kWh":1097078.8,"2050_L__floor_area_m2":133670.0,"2050_L__GHG_kgCO2eq":7566.8,"2050_L__population":2601.0,"2050_L__n_buildings":292,"2050_M__E_cooling_kWh":1406882.4,"2050_M__floor_area_m2":133670.0,"2050_M__GHG_kgCO2eq":11814.4,"2050_M__population":2601.0,"2050_M__n_buildings":292,"2050_H__E_cooling_kWh":2084833.6,"2050_H__floor_area_m2":133670.0,"2050_H__GHG_kgCO2eq":75423.1,"2050_H__population":2601.0,"2050_H__n_buildings":292},"geometry":{"type":"Polygon","coordinates":[[[4.33725,52.09877],[4.33857,52.09743],[4.34136,52.09834],[4.34238,52.09743],[4.32989,52.09232],[4.32927,52.09287],[4.32952,52.09313],[4.32692,52.09548],[4.33273,52.09711],[4.33571,52.09818],[4.33585,52.09803],[4.33725,52.09877]]]}},{"type":"Feature","properties":{"buurtcode":"BU05180476","buurtnaam":"Duinzigt","SQ__E_cooling_kWh":1667111.9,"SQ__floor_area_m2":191395.0,"SQ__GHG_kgCO2eq":29338.6,"SQ__population":3172.0,"SQ__n_buildings":321,"2030__E_cooling_kWh":1909059.9,"2030__floor_area_m2":191395.0,"2030__GHG_kgCO2eq":38214.8,"2030__population":3171.5,"2030__n_buildings":321,"2050_L__E_cooling_kWh":2347846.6,"2050_L__floor_area_m2":191395.0,"2050_L__GHG_kgCO2eq":12287.1,"2050_L__population":3171.5,"2050_L__n_buildings":321,"2050_M__E_cooling_kWh":2673285.9,"2050_M__floor_area_m2":191395.0,"2050_M__GHG_kgCO2eq":20183.5,"2050_M__population":3171.5,"2050_M__n_buildings":321,"2050_H__E_cooling_kWh":3524154.4,"2050_H__floor_area_m2":191395.0,"2050_H__GHG_kgCO2eq":130947.2,"2050_H__population":3171.5,"2050_H__n_buildings":321},"geometry":{"type":"Polygon","coordinates":[[[4.32884,52.10929],[4.33306,52.10573],[4.33032,52.10434],[4.33226,52.10304],[4.32282,52.09902],[4.31672,52.10428],[4.31744,52.10436],[4.31904,52.10537],[4.32168,52.10645],[4.32252,52.10768],[4.32884,52.10929]]]}},{"type":"Feature","properties":{"buurtcode":"BU05180477","buurtnaam":"Waalsdorp","SQ__E_cooling_kWh":2845373.1,"SQ__floor_area_m2":195453.0,"SQ__GHG_kgCO2eq":105042.0,"SQ__population":3499.6,"SQ__n_buildings":601,"2030__E_cooling_kWh":3171620.6,"2030__floor_area_m2":195453.0,"2030__GHG_kgCO2eq":84546.9,"2030__population":3456.5,"2030__n_buildings":601,"2050_L__E_cooling_kWh":3411340.6,"2050_L__floor_area_m2":195453.0,"2050_L__GHG_kgCO2eq":19315.4,"2050_L__population":3456.5,"2050_L__n_buildings":601,"2050_M__E_cooling_kWh":3809181.5,"2050_M__floor_area_m2":195453.0,"2050_M__GHG_kgCO2eq":29652.7,"2050_M__population":3456.5,"2050_M__n_buildings":601,"2050_H__E_cooling_kWh":4811464.2,"2050_H__floor_area_m2":195453.0,"2050_H__GHG_kgCO2eq":161368.5,"2050_H__population":3456.5,"2050_H__n_buildings":601},"geometry":{"type":"Polygon","coordinates":[[[4.31673,52.10428],[4.3227,52.09905],[4.32032,52.09793],[4.31979,52.09742],[4.32018,52.09689],[4.31788,52.09692],[4.31659,52.09662],[4.31171,52.0944],[4.30911,52.09347],[4.30625,52.09663],[4.30745,52.09714],[4.30961,52.09874],[4.3091,52.099],[4.31011,52.09998],[4.31115,52.10036],[4.31134,52.10092],[4.311,52.10132],[4.31135,52.1017],[4.31673,52.10428]]]}},{"type":"Feature","properties":{"buurtcode":"BU05180478","buurtnaam":"Arendsdorp","SQ__E_cooling_kWh":5519177.6,"SQ__floor_area_m2":140445.0,"SQ__GHG_kgCO2eq":277565.5,"SQ__population":5238.6,"SQ__n_buildings":232,"2030__E_cooling_kWh":5745730.8,"2030__floor_area_m2":140445.0,"2030__GHG_kgCO2eq":181500.6,"2030__population":5077.2,"2030__n_buildings":232,"2050_L__E_cooling_kWh":5824632.3,"2050_L__floor_area_m2":140445.0,"2050_L__GHG_kgCO2eq":34893.3,"2050_L__population":5077.2,"2050_L__n_buildings":232,"2050_M__E_cooling_kWh":6295877.6,"2050_M__floor_area_m2":140445.0,"2050_M__GHG_kgCO2eq":50869.3,"2050_M__population":5077.2,"2050_M__n_buildings":232,"2050_H__E_cooling_kWh":7304057.6,"2050_H__floor_area_m2":140445.0,"2050_H__GHG_kgCO2eq":226873.5,"2050_H__population":5077.2,"2050_H__n_buildings":232},"geometry":{"type":"Polygon","coordinates":[[[4.32329,52.09921],[4.32739,52.09566],[4.32147,52.09346],[4.32158,52.09324],[4.31605,52.09123],[4.31584,52.09142],[4.31349,52.09062],[4.31204,52.08991],[4.30911,52.09347],[4.31171,52.0944],[4.31659,52.09662],[4.31788,52.09692],[4.32018,52.09689],[4.31979,52.09742],[4.32026,52.09788],[4.3227,52.09912],[4.32329,52.09921]]]}},{"type":"Feature","properties":{"buurtcode":"BU05180479","buurtnaam":"Van Hoytemastraat e.o.","SQ__E_cooling_kWh":1266328.3,"SQ__floor_area_m2":137078.0,"SQ__GHG_kgCO2eq":41284.2,"SQ__population":2509.0,"SQ__n_buildings":385,"2030__E_cooling_kWh":1445383.1,"2030__floor_area_m2":137078.0,"2030__GHG_kgCO2eq":36388.8,"2030__population":2483.4,"2030__n_buildings":385,"2050_L__E_cooling_kWh":1673276.1,"2050_L__floor_area_m2":137078.0,"2050_L__GHG_kgCO2eq":10993.4,"2050_L__population":2483.4,"2050_L__n_buildings":385,"2050_M__E_cooling_kWh":2011911.4,"2050_M__floor_area_m2":137078.0,"2050_M__GHG_kgCO2eq":16732.2,"2050_M__population":2483.4,"2050_M__n_buildings":385,"2050_H__E_cooling_kWh":2799699.4,"2050_H__floor_area_m2":137078.0,"2050_H__GHG_kgCO2eq":97405.7,"2050_H__population":2483.4,"2050_H__n_buildings":385},"geometry":{"type":"Polygon","coordinates":[[[4.32692,52.09548],[4.32952,52.09313],[4.32927,52.09287],[4.32989,52.09232],[4.32237,52.08897],[4.32142,52.09044],[4.31943,52.09247],[4.32158,52.09324],[4.32147,52.09346],[4.32692,52.09548]]]}},{"type":"Feature","properties":{"buurtcode":"BU05180546","buurtnaam":"Archipelbuurt","SQ__E_cooling_kWh":12422183.8,"SQ__floor_area_m2":428763.0,"SQ__GHG_kgCO2eq":503095.5,"SQ__population":12744.3,"SQ__n_buildings":925,"2030__E_cooling_kWh":13845036.9,"2030__floor_area_m2":428763.0,"2030__GHG_kgCO2eq":465937.9,"2030__population":12449.9,"2030__n_buildings":925,"2050_L__E_cooling_kWh":14110328.9,"2050_L__floor_area_m2":428763.0,"2050_L__GHG_kgCO2eq":79714.2,"2050_L__population":12449.9,"2050_L__n_buildings":925,"2050_M__E_cooling_kWh":15077047.7,"2050_M__floor_area_m2":428763.0,"2050_M__GHG_kgCO2eq":123569.2,"2050_M__population":12449.9,"2050_M__n_buildings":925,"2050_H__E_cooling_kWh":17862974.4,"2050_H__floor_area_m2":428763.0,"2050_H__GHG_kgCO2eq":600349.3,"2050_H__population":12449.9,"2050_H__n_buildings":925},"geometry":{"type":"Polygon","coordinates":[[[4.29996,52.09864],[4.30466,52.09677],[4.30649,52.09647],[4.31209,52.08985],[4.30913,52.08901],[4.30411,52.08823],[4.30042,52.08688],[4.29737,52.08718],[4.29666,52.08743],[4.29374,52.0897],[4.29465,52.09031],[4.29587,52.09251],[4.30037,52.0943],[4.29972,52.09781],[4.29996,52.09864]]]}},{"type":"Feature","properties":{"buurtcode":"BU05180605","buurtnaam":"Van Stolkpark en Scheveningse Bosjes","SQ__E_cooling_kWh":791236.5,"SQ__floor_area_m2":55670.0,"SQ__GHG_kgCO2eq":15100.8,"SQ__population":876.6,"SQ__n_buildings":95,"2030__E_cooling_kWh":913508.3,"2030__floor_area_m2":55670.0,"2030__GHG_kgCO2eq":19689.2,"2030__population":869.3,"2030__n_buildings":95,"2050_L__E_cooling_kWh":1045972.8,"2050_L__floor_area_m2":55670.0,"2050_L__GHG_kgCO2eq":4896.1,"2050_L__population":869.3,"2050_L__n_buildings":95,"2050_M__E_cooling_kWh":1106123.7,"2050_M__floor_area_m2":55670.0,"2050_M__GHG_kgCO2eq":7813.5,"2050_M__population":869.3,"2050_M__n_buildings":95,"2050_H__E_cooling_kWh":1332933.5,"2050_H__floor_area_m2":55670.0,"2050_H__GHG_kgCO2eq":46646.6,"2050_H__population":869.3,"2050_H__n_buildings":95},"geometry":{"type":"Polygon","coordinates":[[[4.28649,52.10417],[4.29714,52.10026],[4.30006,52.09897],[4.29972,52.09773],[4.30038,52.09431],[4.29587,52.09251],[4.29465,52.09031],[4.29374,52.0897],[4.28106,52.09996],[4.28413,52.10237],[4.28636,52.10321],[4.28611,52.10403],[4.28649,52.10417]]]}},{"type":"Feature","properties":{"buurtcode":"BU05180701","buurtnaam":"Oud Scheveningen","SQ__E_cooling_kWh":2364295.7,"SQ__floor_area_m2":110243.0,"SQ__GHG_kgCO2eq":49593.2,"SQ__population":3185.1,"SQ__n_buildings":512,"2030__E_cooling_kWh":2552247.2,"2030__floor_area_m2":110243.0,"2030__GHG_kgCO2eq":54675.1,"2030__population":3168.9,"2030__n_buildings":512,"2050_L__E_cooling_kWh":3120928.6,"2050_L__floor_area_m2":110243.0,"2050_L__GHG_kgCO2eq":12126.0,"2050_L__population":3168.9,"2050_L__n_buildings":512,"2050_M__E_cooling_kWh":2962343.8,"2050_M__floor_area_m2":110243.0,"2050_M__GHG_kgCO2eq":19264.5,"2050_M__population":3168.9,"2050_M__n_buildings":512,"2050_H__E_cooling_kWh":3320072.8,"2050_H__floor_area_m2":110243.0,"2050_H__GHG_kgCO2eq":113423.9,"2050_H__population":3168.9,"2050_H__n_buildings":512},"geometry":{"type":"Polygon","coordinates":[[[4.26913,52.10791],[4.27083,52.10687],[4.27152,52.10733],[4.27268,52.10646],[4.27289,52.10657],[4.27356,52.10619],[4.27801,52.10249],[4.2781,52.10213],[4.27596,52.10166],[4.27322,52.10196],[4.27299,52.10177],[4.27203,52.1021],[4.27127,52.10329],[4.27042,52.10303],[4.26908,52.10374],[4.26935,52.1039],[4.26907,52.10407],[4.26882,52.10391],[4.26803,52.10436],[4.26845,52.10477],[4.26754,52.10424],[4.26523,52.10548],[4.26913,52.10791]]]}},{"type":"Feature","properties":{"buurtcode":"BU05180702","buurtnaam":"Vissershaven","SQ__E_cooling_kWh":6696984.1,"SQ__floor_area_m2":271474.0,"SQ__GHG_kgCO2eq":144177.9,"SQ__population":6682.8,"SQ__n_buildings":452,"2030__E_cooling_kWh":6906082.6,"2030__floor_area_m2":271474.0,"2030__GHG_kgCO2eq":153046.5,"2030__population":6632.3,"2030__n_buildings":452,"2050_L__E_cooling_kWh":7277226.9,"2050_L__floor_area_m2":271474.0,"2050_L__GHG_kgCO2eq":31699.2,"2050_L__population":6632.3,"2050_L__n_buildings":452,"2050_M__E_cooling_kWh":7604042.0,"2050_M__floor_area_m2":271474.0,"2050_M__GHG_kgCO2eq":51705.5,"2050_M__population":6632.3,"2050_M__n_buildings":452,"2050_H__E_cooling_kWh":8938042.9,"2050_H__floor_area_m2":271474.0,"2050_H__GHG_kgCO2eq":310305.6,"2050_H__population":6632.3,"2050_H__n_buildings":452},"geometry":{"type":"Polygon","coordinates":[[[4.26523,52.10548],[4.26754,52.10424],[4.26845,52.10477],[4.26803,52.10436],[4.26882,52.10391],[4.26907,52.10407],[4.26935,52.1039],[4.26908,52.10374],[4.27042,52.10303],[4.27127,52.10329],[4.27203,52.1021],[4.27304,52.10176],[4.27322,52.10196],[4.27447,52.10168],[4.27293,52.10054],[4.27238,52.09906],[4.26861,52.09504],[4.26777,52.09349],[4.26433,52.09142],[4.25999,52.09502],[4.25967,52.09504],[4.25811,52.09659],[4.25705,52.09687],[4.25729,52.09705],[4.25686,52.09735],[4.25522,52.09807],[4.25606,52.09974],[4.25383,52.10121],[4.25244,52.10387],[4.25266,52.10406],[4.25303,52.10389],[4.2539,52.1018],[4.25472,52.1009],[4.25609,52.10008],[4.25673,52.10049],[4.25665,52.09986],[4.25794,52.09891],[4.2599,52.099],[4.26054,52.09868],[4.26067,52.09821],[4.25902,52.09785],[4.25938,52.09701],[4.26107,52.0973],[4.26141,52.09712],[4.26397,52.09693],[4.26466,52.09749],[4.26358,52.09825],[4.26417,52.09863],[4.26674,52.09742],[4.2644,52.09558],[4.26406,52.09569],[4.26318,52.09484],[4.26379,52.09427],[4.26419,52.09425],[4.27173,52.09956],[4.27078,52.10005],[4.267,52.09759],[4.26545,52.09841],[4.26541,52.09874],[4.26873,52.10111],[4.26721,52.1019],[4.26328,52.09914],[4.26357,52.09887],[4.26307,52.09911],[4.26126,52.0992],[4.26066,52.09957],[4.2612,52.10053],[4.25881,52.10146],[4.2578,52.10132],[4.25792,52.10156],[4.25864,52.10174],[4.25785,52.10335],[4.25581,52.10397],[4.25626,52.10419],[4.25802,52.10375],[4.25894,52.10228],[4.25953,52.10234],[4.26133,52.10288],[4.26523,52.10548]]]}},{"type":"Feature","properties":{"buurtcode":"BU05180703","buurtnaam":"Scheveningen Badplaats","SQ__E_cooling_kWh":3119818.0,"SQ__floor_area_m2":237404.0,"SQ__GHG_kgCO2eq":46046.2,"SQ__population":5147.1,"SQ__n_buildings":830,"2030__E_cooling_kWh":3415242.7,"2030__floor_area_m2":237404.0,"2030__GHG_kgCO2eq":59166.1,"2030__population":5145.9,"2030__n_buildings":830,"2050_L__E_cooling_kWh":4056645.6,"2050_L__floor_area_m2":237404.0,"2050_L__GHG_kgCO2eq":17418.3,"2050_L__population":5145.9,"2050_L__n_buildings":830,"2050_M__E_cooling_kWh":4198433.4,"2050_M__floor_area_m2":237404.0,"2050_M__GHG_kgCO2eq":27989.6,"2050_M__population":5145.9,"2050_M__n_buildings":830,"2050_H__E_cooling_kWh":5286284.8,"2050_H__floor_area_m2":237404.0,"2050_H__GHG_kgCO2eq":185713.0,"2050_H__population":5145.9,"2050_H__n_buildings":830},"geometry":{"type":"Polygon","coordinates":[[[4.28182,52.11445],[4.28163,52.11432],[4.28328,52.11326],[4.28262,52.11254],[4.28401,52.11175],[4.28381,52.11106],[4.28451,52.11025],[4.28353,52.10878],[4.2827,52.10786],[4.28147,52.10714],[4.27528,52.10475],[4.27356,52.10619],[4.27289,52.10657],[4.27268,52.10646],[4.27152,52.10733],[4.27083,52.10687],[4.26901,52.10798],[4.28015,52.11539],[4.28182,52.11445]]]}},{"type":"Feature","properties":{"buurtcode":"BU05180704","buurtnaam":"Visserijbuurt","SQ__E_cooling_kWh":1836456.8,"SQ__floor_area_m2":151944.0,"SQ__GHG_kgCO2eq":48587.7,"SQ__population":3682.0,"SQ__n_buildings":507,"2030__E_cooling_kWh":2122034.2,"2030__floor_area_m2":151944.0,"2030__GHG_kgCO2eq":49248.4,"2030__population":3665.8,"2030__n_buildings":507,"2050_L__E_cooling_kWh":2555119.4,"2050_L__floor_area_m2":151944.0,"2050_L__GHG_kgCO2eq":12750.0,"2050_L__population":3665.8,"2050_L__n_buildings":507,"2050_M__E_cooling_kWh":2623209.0,"2050_M__floor_area_m2":151944.0,"2050_M__GHG_kgCO2eq":19441.8,"2050_M__population":3665.8,"2050_M__n_buildings":507,"2050_H__E_cooling_kWh":3459171.9,"2050_H__floor_area_m2":151944.0,"2050_H__GHG_kgCO2eq":120444.0,"2050_H__population":3665.8,"2050_H__n_buildings":507},"geometry":{"type":"Polygon","coordinates":[[[4.28008,52.10632],[4.28612,52.10404],[4.28638,52.10322],[4.28413,52.10237],[4.28106,52.09996],[4.27528,52.10475],[4.27708,52.1056],[4.28008,52.10632]]]}},{"type":"Feature","properties":{"buurtcode":"BU05180772","buurtnaam":"Rijslag","SQ__E_cooling_kWh":878034.0,"SQ__floor_area_m2":80918.0,"SQ__GHG_kgCO2eq":18591.4,"SQ__population":1786.2,"SQ__n_buildings":266,"2030__E_cooling_kWh":1029219.4,"2030__floor_area_m2":80918.0,"2030__GHG_kgCO2eq":22777.9,"2030__population":1779.0,"2030__n_buildings":266,"2050_L__E_cooling_kWh":1195131.0,"2050_L__floor_area_m2":80918.0,"2050_L__GHG_kgCO2eq":6314.6,"2050_L__population":1779.0,"2050_L__n_buildings":266,"2050_M__E_cooling_kWh":1323140.8,"2050_M__floor_area_m2":80918.0,"2050_M__GHG_kgCO2eq":9914.4,"2050_M__population":1779.0,"2050_M__n_buildings":266,"2050_H__E_cooling_kWh":1777853.8,"2050_H__floor_area_m2":80918.0,"2050_H__GHG_kgCO2eq":62581.8,"2050_H__population":1779.0,"2050_H__n_buildings":266},"geometry":{"type":"Polygon","coordinates":[[[4.28401,52.11169],[4.29008,52.10836],[4.2879,52.10633],[4.28716,52.10605],[4.28709,52.10547],[4.28622,52.10444],[4.28567,52.10422],[4.27987,52.1064],[4.28266,52.10782],[4.28327,52.10845],[4.28451,52.11025],[4.28372,52.11134],[4.28401,52.11169]]]}},{"type":"Feature","properties":{"buurtcode":"BU05180800","buurtnaam":"Duindorp","SQ__E_cooling_kWh":4862683.2,"SQ__floor_area_m2":206593.0,"SQ__GHG_kgCO2eq":63444.8,"SQ__population":5279.4,"SQ__n_buildings":916,"2030__E_cooling_kWh":5171119.9,"2030__floor_area_m2":206593.0,"2030__GHG_kgCO2eq":79438.8,"2030__population":5278.8,"2030__n_buildings":916,"2050_L__E_cooling_kWh":6590937.6,"2050_L__floor_area_m2":206593.0,"2050_L__GHG_kgCO2eq":19812.9,"2050_L__population":5278.8,"2050_L__n_buildings":916,"2050_M__E_cooling_kWh":5967789.4,"2050_M__floor_area_m2":206593.0,"2050_M__GHG_kgCO2eq":32702.5,"2050_M__population":5278.8,"2050_M__n_buildings":916,"2050_H__E_cooling_kWh":6406492.4,"2050_H__floor_area_m2":206593.0,"2050_H__GHG_kgCO2eq":216432.6,"2050_H__population":5278.8,"2050_H__n_buildings":916},"geometry":{"type":"Polygon","coordinates":[[[4.25523,52.09807],[4.25686,52.09735],[4.25729,52.09705],[4.25705,52.09687],[4.25811,52.09659],[4.25967,52.09504],[4.25999,52.09502],[4.26427,52.09137],[4.25673,52.08686],[4.25589,52.08606],[4.25268,52.08764],[4.25182,52.08751],[4.25078,52.08784],[4.24671,52.08788],[4.24373,52.08824],[4.25363,52.09646],[4.25523,52.09807]]]}},{"type":"Feature","properties":{"buurtcode":"BU05180907","buurtnaam":"Statenkwartier","SQ__E_cooling_kWh":7688546.0,"SQ__floor_area_m2":547511.0,"SQ__GHG_kgCO2eq":188972.7,"SQ__population":9995.4,"SQ__n_buildings":1713,"2030__E_cooling_kWh":8661665.4,"2030__floor_area_m2":547511.0,"2030__GHG_kgCO2eq":209656.0,"2030__population":9916.7,"2030__n_buildings":1713,"2050_L__E_cooling_kWh":10531719.9,"2050_L__floor_area_m2":547511.0,"2050_L__GHG_kgCO2eq":49370.6,"2050_L__population":9916.7,"2050_L__n_buildings":1713,"2050_M__E_cooling_kWh":10723022.4,"2050_M__floor_area_m2":547511.0,"2050_M__GHG_kgCO2eq":76890.9,"2050_M__population":9916.7,"2050_M__n_buildings":1713,"2050_H__E_cooling_kWh":12864206.7,"2050_H__floor_area_m2":547511.0,"2050_H__GHG_kgCO2eq":444449.9,"2050_H__population":9916.7,"2050_H__n_buildings":1713},"geometry":{"type":"Polygon","coordinates":[[[4.27829,52.10222],[4.28598,52.0959],[4.28497,52.09548],[4.28409,52.09544],[4.284,52.09503],[4.28105,52.09358],[4.2789,52.09097],[4.27827,52.09072],[4.27947,52.0885],[4.2732,52.08578],[4.27229,52.08667],[4.27084,52.09085],[4.2703,52.09537],[4.2708,52.0962],[4.27182,52.09667],[4.2748,52.09925],[4.2753,52.099],[4.27576,52.09935],[4.27576,52.09984],[4.27633,52.0999],[4.27622,52.10169],[4.27829,52.10222]]]}},{"type":"Feature","properties":{"buurtcode":"BU05180908","buurtnaam":"Geuzenkwartier","SQ__E_cooling_kWh":2215842.3,"SQ__floor_area_m2":159257.0,"SQ__GHG_kgCO2eq":32191.5,"SQ__population":3666.2,"SQ__n_buildings":734,"2030__E_cooling_kWh":2533722.6,"2030__floor_area_m2":159257.0,"2030__GHG_kgCO2eq":42671.9,"2030__population":3666.2,"2030__n_buildings":734,"2050_L__E_cooling_kWh":3401411.0,"2050_L__floor_area_m2":159257.0,"2050_L__GHG_kgCO2eq":12316.0,"2050_L__population":3666.2,"2050_L__n_buildings":734,"2050_M__E_cooling_kWh":3109361.2,"2050_M__floor_area_m2":159257.0,"2050_M__GHG_kgCO2eq":19350.0,"2050_M__population":3666.2,"2050_M__n_buildings":734,"2050_H__E_cooling_kWh":3685115.0,"2050_H__floor_area_m2":159257.0,"2050_H__GHG_kgCO2eq":129165.8,"2050_H__population":3666.2,"2050_H__n_buildings":734},"geometry":{"type":"Polygon","coordinates":[[[4.27454,52.10168],[4.27622,52.10169],[4.27633,52.0999],[4.27576,52.09984],[4.27576,52.09935],[4.2753,52.099],[4.2748,52.09925],[4.27182,52.09667],[4.2708,52.0962],[4.27025,52.09507],[4.27075,52.09113],[4.27229,52.08667],[4.27351,52.0854],[4.27303,52.0852],[4.27104,52.08697],[4.26768,52.08923],[4.26475,52.09163],[4.26777,52.09349],[4.26861,52.09504],[4.27238,52.09906],[4.27301,52.10064],[4.27454,52.10168]]]}},{"type":"Feature","properties":{"buurtcode":"BU05181041","buurtnaam":"Zorgvliet","SQ__E_cooling_kWh":14893394.2,"SQ__floor_area_m2":179842.0,"SQ__GHG_kgCO2eq":723685.2,"SQ__population":9924.0,"SQ__n_buildings":75,"2030__E_cooling_kWh":14977093.6,"2030__floor_area_m2":179842.0,"2030__GHG_kgCO2eq":521490.4,"2030__population":9524.9,"2030__n_buildings":75,"2050_L__E_cooling_kWh":15027630.7,"2050_L__floor_area_m2":179842.0,"2050_L__GHG_kgCO2eq":81076.2,"2050_L__population":9524.9,"2050_L__n_buildings":75,"2050_M__E_cooling_kWh":15574721.8,"2050_M__floor_area_m2":179842.0,"2050_M__GHG_kgCO2eq":123210.9,"2050_M__population":9524.9,"2050_M__n_buildings":75,"2050_H__E_cooling_kWh":16458849.0,"2050_H__floor_area_m2":179842.0,"2050_H__GHG_kgCO2eq":508251.4,"2050_H__population":9524.9,"2050_H__n_buildings":75},"geometry":{"type":"Polygon","coordinates":[[[4.286,52.09595],[4.29552,52.08828],[4.29448,52.08824],[4.29247,52.08693],[4.29219,52.08628],[4.29299,52.08543],[4.29271,52.08511],[4.28651,52.08543],[4.28263,52.08504],[4.28059,52.08682],[4.2793,52.08876],[4.27827,52.09072],[4.2789,52.09097],[4.28068,52.09329],[4.284,52.09503],[4.28439,52.09557],[4.28497,52.09548],[4.286,52.09595]]]}},{"type":"Feature","properties":{"buurtcode":"BU05181142","buurtnaam":"Stadhoudersplantsoen","SQ__E_cooling_kWh":3290821.6,"SQ__floor_area_m2":161996.0,"SQ__GHG_kgCO2eq":97773.0,"SQ__population":3854.7,"SQ__n_buildings":246,"2030__E_cooling_kWh":3438197.9,"2030__floor_area_m2":161996.0,"2030__GHG_kgCO2eq":79752.9,"2030__population":3821.5,"2030__n_buildings":246,"2050_L__E_cooling_kWh":3540448.6,"2050_L__floor_area_m2":161996.0,"2050_L__GHG_kgCO2eq":18505.5,"2050_L__population":3821.5,"2050_L__n_buildings":246,"2050_M__E_cooling_kWh":3885982.6,"2050_M__floor_area_m2":161996.0,"2050_M__GHG_kgCO2eq":28788.7,"2050_M__population":3821.5,"2050_M__n_buildings":246,"2050_H__E_cooling_kWh":4856531.7,"2050_H__floor_area_m2":161996.0,"2050_H__GHG_kgCO2eq":166857.5,"2050_H__population":3821.5,"2050_H__n_buildings":246},"geometry":{"type":"Polygon","coordinates":[[[4.2795,52.08848],[4.28093,52.08645],[4.28264,52.08506],[4.27866,52.08379],[4.27656,52.08212],[4.27503,52.08261],[4.27458,52.08317],[4.27504,52.08323],[4.27459,52.08377],[4.27449,52.0835],[4.27303,52.0852],[4.27351,52.08539],[4.2732,52.08578],[4.2795,52.08848]]]}},{"type":"Feature","properties":{"buurtcode":"BU05181143","buurtnaam":"Sweelinckplein e.o.","SQ__E_cooling_kWh":2712205.1,"SQ__floor_area_m2":282388.0,"SQ__GHG_kgCO2eq":55040.5,"SQ__population":5421.4,"SQ__n_buildings":826,"2030__E_cooling_kWh":3238067.0,"2030__floor_area_m2":282388.0,"2030__GHG_kgCO2eq":73368.8,"2030__population":5401.4,"2030__n_buildings":826,"2050_L__E_cooling_kWh":3674068.3,"2050_L__floor_area_m2":282388.0,"2050_L__GHG_kgCO2eq":21585.4,"2050_L__population":5401.4,"2050_L__n_buildings":826,"2050_M__E_cooling_kWh":4251119.8,"2050_M__floor_area_m2":282388.0,"2050_M__GHG_kgCO2eq":33919.6,"2050_M__population":5401.4,"2050_M__n_buildings":826,"2050_H__E_cooling_kWh":6141030.4,"2050_H__floor_area_m2":282388.0,"2050_H__GHG_kgCO2eq":219117.7,"2050_H__population":5401.4,"2050_H__n_buildings":826},"geometry":{"type":"Polygon","coordinates":[[[4.28661,52.08543],[4.29263,52.0851],[4.29266,52.08481],[4.2932,52.08482],[4.29336,52.08464],[4.28647,52.08128],[4.28509,52.08103],[4.28474,52.08124],[4.28479,52.08099],[4.2819,52.08049],[4.2769,52.07876],[4.27625,52.0795],[4.2761,52.08155],[4.27846,52.08367],[4.2825,52.08502],[4.28661,52.08543]]]}},{"type":"Feature","properties":{"buurtcode":"BU05181250","buurtnaam":"Bloemenbuurt-West","SQ__E_cooling_kWh":749333.7,"SQ__floor_area_m2":89235.0,"SQ__GHG_kgCO2eq":12307.4,"SQ__population":1770.8,"SQ__n_buildings":302,"2030__E_cooling_kWh":875749.3,"2030__floor_area_m2":89235.0,"2030__GHG_kgCO2eq":17172.5,"2030__population":1770.2,"2030__n_buildings":302,"2050_L__E_cooling_kWh":995834.9,"2050_L__floor_area_m2":89235.0,"2050_L__GHG_kgCO2eq":6029.6,"2050_L__population":1770.2,"2050_L__n_buildings":302,"2050_M__E_cooling_kWh":1207497.1,"2050_M__floor_area_m2":89235.0,"2050_M__GHG_kgCO2eq":9537.8,"2050_M__population":1770.2,"2050_M__n_buildings":302,"2050_H__E_cooling_kWh":1665017.3,"2050_H__floor_area_m2":89235.0,"2050_H__GHG_kgCO2eq":60805.0,"2050_H__population":1770.2,"2050_H__n_buildings":302},"geometry":{"type":"Polygon","coordinates":[[[4.25375,52.07762],[4.25371,52.07737],[4.25469,52.07707],[4.25423,52.0767],[4.2543,52.07641],[4.25652,52.07444],[4.25762,52.07304],[4.25856,52.07338],[4.25931,52.07256],[4.25053,52.0692],[4.24905,52.07071],[4.24821,52.07092],[4.2522,52.07279],[4.25264,52.07382],[4.25242,52.07473],[4.25059,52.07645],[4.25375,52.07762]]]}},{"type":"Feature","properties":{"buurtcode":"BU05181251","buurtnaam":"Bloemenbuurt-Oost","SQ__E_cooling_kWh":1793809.7,"SQ__floor_area_m2":304209.0,"SQ__GHG_kgCO2eq":29073.3,"SQ__population":6305.4,"SQ__n_buildings":640,"2030__E_cooling_kWh":2060029.5,"2030__floor_area_m2":304209.0,"2030__GHG_kgCO2eq":39615.6,"2030__population":6305.4,"2030__n_buildings":640,"2050_L__E_cooling_kWh":2924106.8,"2050_L__floor_area_m2":304209.0,"2050_L__GHG_kgCO2eq":16974.9,"2050_L__population":6305.4,"2050_L__n_buildings":640,"2050_M__E_cooling_kWh":3320447.0,"2050_M__floor_area_m2":304209.0,"2050_M__GHG_kgCO2eq":25836.5,"2050_M__population":6305.4,"2050_M__n_buildings":640,"2050_H__E_cooling_kWh":4543648.6,"2050_H__floor_area_m2":304209.0,"2050_H__GHG_kgCO2eq":163478.5,"2050_H__population":6305.4,"2050_H__n_buildings":640},"geometry":{"type":"Polygon","coordinates":[[[4.26536,52.08242],[4.26736,52.0805],[4.26558,52.07953],[4.26688,52.07749],[4.26664,52.07719],[4.26815,52.07566],[4.25931,52.07256],[4.25856,52.07338],[4.25762,52.07304],[4.25652,52.07444],[4.2543,52.07641],[4.25423,52.0767],[4.25469,52.07707],[4.25371,52.07737],[4.25365,52.07771],[4.26217,52.08133],[4.26536,52.08242]]]}},{"type":"Feature","properties":{"buurtcode":"BU05181252","buurtnaam":"Bomenbuurt","SQ__E_cooling_kWh":2016893.6,"SQ__floor_area_m2":279068.0,"SQ__GHG_kgCO2eq":36923.9,"SQ__population":5742.2,"SQ__n_buildings":644,"2030__E_cooling_kWh":2350507.8,"2030__floor_area_m2":279068.0,"2030__GHG_kgCO2eq":48737.8,"2030__population":5737.1,"2030__n_buildings":644,"2050_L__E_cooling_kWh":3042922.4,"2050_L__floor_area_m2":279068.0,"2050_L__GHG_kgCO2eq":17390.3,"2050_L__population":5737.1,"2050_L__n_buildings":644,"2050_M__E_cooling_kWh":3425260.9,"2050_M__floor_area_m2":279068.0,"2050_M__GHG_kgCO2eq":26736.2,"2050_M__population":5737.1,"2050_M__n_buildings":644,"2050_H__E_cooling_kWh":4789245.9,"2050_H__floor_area_m2":279068.0,"2050_H__GHG_kgCO2eq":171806.0,"2050_H__population":5737.1,"2050_H__n_buildings":644},"geometry":{"type":"Polygon","coordinates":[[[4.2727,52.08549],[4.27449,52.0835],[4.27459,52.08377],[4.27503,52.08325],[4.27458,52.08317],[4.27503,52.08261],[4.27656,52.08212],[4.2761,52.08155],[4.27608,52.08031],[4.27625,52.0795],[4.27693,52.07872],[4.26815,52.07566],[4.26664,52.07719],[4.26688,52.07749],[4.26558,52.07953],[4.26736,52.0805],[4.2653,52.08248],[4.2727,52.08549]]]}},{"type":"Feature","properties":{"buurtcode":"BU05181309","buurtnaam":"Vogelwijk","SQ__E_cooling_kWh":1331511.6,"SQ__floor_area_m2":181409.0,"SQ__GHG_kgCO2eq":19544.5,"SQ__population":2361.7,"SQ__n_buildings":851,"2030__E_cooling_kWh":1658231.9,"2030__floor_area_m2":181409.0,"2030__GHG_kgCO2eq":30271.5,"2030__population":2361.7,"2030__n_buildings":851,"2050_L__E_cooling_kWh":1965230.0,"2050_L__floor_area_m2":181409.0,"2050_L__GHG_kgCO2eq":10882.4,"2050_L__population":2361.7,"2050_L__n_buildings":851,"2050_M__E_cooling_kWh":2240836.4,"2050_M__floor_area_m2":181409.0,"2050_M__GHG_kgCO2eq":16851.3,"2050_M__population":2361.7,"2050_M__n_buildings":851,"2050_H__E_cooling_kWh":3036248.9,"2050_H__floor_area_m2":181409.0,"2050_H__GHG_kgCO2eq":108917.5,"2050_H__population":2361.7,"2050_H__n_buildings":851},"geometry":{"type":"Polygon","coordinates":[[[4.26475,52.09163],[4.27267,52.08552],[4.24055,52.0723],[4.23733,52.07617],[4.23531,52.07672],[4.23464,52.07729],[4.2324,52.07787],[4.23109,52.07855],[4.2382,52.08361],[4.24373,52.08824],[4.24671,52.08788],[4.25078,52.08784],[4.25182,52.08751],[4.25268,52.08764],[4.25589,52.08606],[4.25739,52.08728],[4.26433,52.09142],[4.26475,52.09163]]]}},{"type":"Feature","properties":{"buurtcode":"BU05181481","buurtnaam":"Bosjes van Pex","SQ__E_cooling_kWh":131071.4,"SQ__floor_area_m2":20106.0,"SQ__GHG_kgCO2eq":2270.4,"SQ__population":512.5,"SQ__n_buildings":24,"2030__E_cooling_kWh":147499.2,"2030__floor_area_m2":20106.0,"2030__GHG_kgCO2eq":2934.7,"2030__population":512.5,"2030__n_buildings":24,"2050_L__E_cooling_kWh":202674.4,"2050_L__floor_area_m2":20106.0,"2050_L__GHG_kgCO2eq":1132.7,"2050_L__population":512.5,"2050_L__n_buildings":24,"2050_M__E_cooling_kWh":212333.7,"2050_M__floor_area_m2":20106.0,"2050_M__GHG_kgCO2eq":1682.9,"2050_M__population":512.5,"2050_M__n_buildings":24,"2050_H__E_cooling_kWh":310938.6,"2050_H__floor_area_m2":20106.0,"2050_H__GHG_kgCO2eq":11334.0,"2050_H__population":512.5,"2050_H__n_buildings":24},"geometry":{"type":"Polygon","coordinates":[[[4.25059,52.07645],[4.25242,52.07473],[4.25246,52.07314],[4.25072,52.07198],[4.24821,52.07092],[4.24908,52.07069],[4.25053,52.06918],[4.24377,52.06673],[4.24387,52.06773],[4.24055,52.0723],[4.25059,52.07645]]]}},{"type":"Feature","properties":{"buurtcode":"BU05181492","buurtnaam":"Bohemen en Meer en Bos","SQ__E_cooling_kWh":1631162.4,"SQ__floor_area_m2":222944.0,"SQ__GHG_kgCO2eq":27846.0,"SQ__population":4940.6,"SQ__n_buildings":431,"2030__E_cooling_kWh":1786073.3,"2030__floor_area_m2":222944.0,"2030__GHG_kgCO2eq":35198.1,"2030__population":4940.6,"2030__n_buildings":431,"2050_L__E_cooling_kWh":2303705.6,"2050_L__floor_area_m2":222944.0,"2050_L__GHG_kgCO2eq":13258.2,"2050_L__population":4940.6,"2050_L__n_buildings":431,"2050_M__E_cooling_kWh":2688992.3,"2050_M__floor_area_m2":222944.0,"2050_M__GHG_kgCO2eq":20943.4,"2050_M__population":4940.6,"2050_M__n_buildings":431,"2050_H__E_cooling_kWh":3751032.3,"2050_H__floor_area_m2":222944.0,"2050_H__GHG_kgCO2eq":136623.8,"2050_H__population":4940.6,"2050_H__n_buildings":431},"geometry":{"type":"Polygon","coordinates":[[[4.24057,52.07227],[4.24387,52.06773],[4.24379,52.06674],[4.23446,52.06404],[4.22759,52.06163],[4.2262,52.06169],[4.22628,52.06245],[4.2257,52.0637],[4.22328,52.06641],[4.2279,52.06828],[4.23083,52.06902],[4.23149,52.0687],[4.23243,52.06893],[4.24057,52.07227]]]}},{"type":"Feature","properties":{"buurtcode":"BU05181590","buurtnaam":"Ockenburgh","SQ__E_cooling_kWh":975691.3,"SQ__floor_area_m2":51161.0,"SQ__GHG_kgCO2eq":13757.9,"SQ__population":757.1,"SQ__n_buildings":182,"2030__E_cooling_kWh":1005923.6,"2030__floor_area_m2":51161.0,"2030__GHG_kgCO2eq":16547.8,"2030__population":756.2,"2030__n_buildings":182,"2050_L__E_cooling_kWh":979128.3,"2050_L__floor_area_m2":51161.0,"2050_L__GHG_kgCO2eq":3954.8,"2050_L__population":756.2,"2050_L__n_buildings":182,"2050_M__E_cooling_kWh":1089230.4,"2050_M__floor_area_m2":51161.0,"2050_M__GHG_kgCO2eq":6732.1,"2050_M__population":756.2,"2050_M__n_buildings":182,"2050_H__E_cooling_kWh":1393710.3,"2050_H__floor_area_m2":51161.0,"2050_H__GHG_kgCO2eq":47785.8,"2050_H__population":756.2,"2050_H__n_buildings":182},"geometry":{"type":"MultiPolygon","coordinates":[[[[4.22335,52.06632],[4.22565,52.06378],[4.22624,52.06258],[4.2257,52.05942],[4.2267,52.05579],[4.22884,52.05191],[4.22431,52.05026],[4.21884,52.0478],[4.20859,52.04596],[4.20412,52.04473],[4.20176,52.04756],[4.20026,52.04846],[4.19885,52.05],[4.19974,52.05082],[4.19634,52.05566],[4.19839,52.05724],[4.20466,52.0603],[4.20608,52.06159],[4.20556,52.06176],[4.20362,52.06106],[4.20306,52.06135],[4.20335,52.06202],[4.21116,52.06587],[4.21158,52.06603],[4.21513,52.06417],[4.21829,52.06588],[4.21881,52.06555],[4.21717,52.06438],[4.21802,52.06399],[4.21983,52.06467],[4.2195,52.06499],[4.22335,52.06632]]],[[[4.2012,52.06119],[4.20115,52.0606],[4.20065,52.06014],[4.19599,52.05845],[4.19236,52.0577],[4.19128,52.05825],[4.19565,52.05935],[4.2008,52.06135],[4.2012,52.06119]]]]}},{"type":"Feature","properties":{"buurtcode":"BU05181591","buurtnaam":"Kijkduin","SQ__E_cooling_kWh":1996614.0,"SQ__floor_area_m2":111265.0,"SQ__GHG_kgCO2eq":26479.2,"SQ__population":2048.2,"SQ__n_buildings":226,"2030__E_cooling_kWh":2170935.8,"2030__floor_area_m2":111265.0,"2030__GHG_kgCO2eq":34314.0,"2030__population":2048.2,"2030__n_buildings":226,"2050_L__E_cooling_kWh":2338529.4,"2050_L__floor_area_m2":111265.0,"2050_L__GHG_kgCO2eq":8328.6,"2050_L__population":2048.2,"2050_L__n_buildings":226,"2050_M__E_cooling_kWh":2422117.3,"2050_M__floor_area_m2":111265.0,"2050_M__GHG_kgCO2eq":14156.9,"2050_M__population":2048.2,"2050_M__n_buildings":226,"2050_H__E_cooling_kWh":2893746.5,"2050_H__floor_area_m2":111265.0,"2050_H__GHG_kgCO2eq":98922.0,"2050_H__population":2048.2,"2050_H__n_buildings":226},"geometry":{"type":"Polygon","coordinates":[[[4.2324,52.07787],[4.23464,52.07729],[4.23531,52.07672],[4.23733,52.07617],[4.24051,52.07224],[4.23243,52.06893],[4.23149,52.0687],[4.23083,52.06902],[4.22734,52.06808],[4.22635,52.06752],[4.2195,52.06499],[4.21983,52.06467],[4.21816,52.06402],[4.21717,52.06438],[4.21881,52.06555],[4.21829,52.06588],[4.21513,52.06417],[4.21158,52.06603],[4.21625,52.06859],[4.22298,52.07304],[4.22571,52.0745],[4.23109,52.07855],[4.2324,52.07787]]]}},{"type":"Feature","properties":{"buurtcode":"BU05181697","buurtnaam":"Kraayenstein en Vroondaal","SQ__E_cooling_kWh":6953704.9,"SQ__floor_area_m2":470311.0,"SQ__GHG_kgCO2eq":103669.5,"SQ__population":7366.6,"SQ__n_buildings":2217,"2030__E_cooling_kWh":7264514.4,"2030__floor_area_m2":470311.0,"2030__GHG_kgCO2eq":126602.1,"2030__population":7366.6,"2030__n_buildings":2217,"2050_L__E_cooling_kWh":7028629.2,"2050_L__floor_area_m2":470311.0,"2050_L__GHG_kgCO2eq":34267.3,"2050_L__population":7366.6,"2050_L__n_buildings":2217,"2050_M__E_cooling_kWh":8320184.8,"2050_M__floor_area_m2":470311.0,"2050_M__GHG_kgCO2eq":57030.3,"2050_M__population":7366.6,"2050_M__n_buildings":2217,"2050_H__E_cooling_kWh":11451771.2,"2050_H__floor_area_m2":470311.0,"2050_H__GHG_kgCO2eq":404292.9,"2050_H__population":7366.6,"2050_H__n_buildings":2217},"geometry":{"type":"Polygon","coordinates":[[[4.2304,52.05154],[4.23269,52.05201],[4.23436,52.04997],[4.23636,52.05074],[4.2417,52.04385],[4.23932,52.04215],[4.23689,52.04091],[4.2351,52.03963],[4.23505,52.03926],[4.22833,52.03464],[4.22323,52.0344],[4.21923,52.03374],[4.21378,52.03178],[4.21229,52.03071],[4.20958,52.03365],[4.21243,52.03403],[4.20412,52.04473],[4.21182,52.04663],[4.21834,52.04766],[4.22431,52.05026],[4.22886,52.05193],[4.22917,52.05156],[4.22988,52.05175],[4.2304,52.05154]]]}},{"type":"Feature","properties":{"buurtcode":"BU05181785","buurtnaam":"Kerketuinen en Zichtenburg","SQ__E_cooling_kWh":3883585.5,"SQ__floor_area_m2":42399.0,"SQ__GHG_kgCO2eq":179160.9,"SQ__population":2901.3,"SQ__n_buildings":17,"2030__E_cooling_kWh":3877239.4,"2030__floor_area_m2":42399.0,"2030__GHG_kgCO2eq":145681.0,"2030__population":2793.4,"2030__n_buildings":17,"2050_L__E_cooling_kWh":4012020.3,"2050_L__floor_area_m2":42399.0,"2050_L__GHG_kgCO2eq":21921.8,"2050_L__population":2793.4,"2050_L__n_buildings":17,"2050_M__E_cooling_kWh":4138232.3,"2050_M__floor_area_m2":42399.0,"2050_M__GHG_kgCO2eq":33992.5,"2050_M__population":2793.4,"2050_M__n_buildings":17,"2050_H__E_cooling_kWh":4295535.1,"2050_H__floor_area_m2":42399.0,"2050_H__GHG_kgCO2eq":138921.0,"2050_H__population":2793.4,"2050_H__n_buildings":17},"geometry":{"type":"Polygon","coordinates":[[[4.25646,52.05398],[4.25818,52.05336],[4.2616,52.05135],[4.25468,52.04685],[4.2554,52.04636],[4.24596,52.0404],[4.24568,52.04001],[4.23942,52.04223],[4.25646,52.05398]]]}},{"type":"Feature","properties":{"buurtcode":"BU05181786","buurtnaam":"Houtwijk","SQ__E_cooling_kWh":4000788.6,"SQ__floor_area_m2":384084.0,"SQ__GHG_kgCO2eq":62739.1,"SQ__population":8383.7,"SQ__n_buildings":1827,"2030__E_cooling_kWh":4292352.8,"2030__floor_area_m2":384084.0,"2030__GHG_kgCO2eq":79512.2,"2030__population":8383.7,"2030__n_buildings":1827,"2050_L__E_cooling_kWh":4620916.2,"2050_L__floor_area_m2":384084.0,"2050_L__GHG_kgCO2eq":25675.2,"2050_L__population":8383.7,"2050_L__n_buildings":1827,"2050_M__E_cooling_kWh":5016282.6,"2050_M__floor_area_m2":384084.0,"2050_M__GHG_kgCO2eq":39260.3,"2050_M__population":8383.7,"2050_M__n_buildings":1827,"2050_H__E_cooling_kWh":8038349.6,"2050_H__floor_area_m2":384084.0,"2050_H__GHG_kgCO2eq":286245.9,"2050_H__population":8383.7,"2050_H__n_buildings":1827},"geometry":{"type":"Polygon","coordinates":[[[4.25924,52.06264],[4.26122,52.06165],[4.26412,52.0586],[4.26161,52.05714],[4.26059,52.05698],[4.26089,52.05668],[4.25682,52.05429],[4.2417,52.04385],[4.23657,52.05055],[4.24348,52.05249],[4.24181,52.05557],[4.24873,52.05759],[4.25874,52.06262],[4.25924,52.06264]]]}},{"type":"Feature","properties":{"buurtcode":"BU05181795","buurtnaam":"Kom Loosduinen","SQ__E_cooling_kWh":2546058.0,"SQ__floor_area_m2":215156.0,"SQ__GHG_kgCO2eq":56831.2,"SQ__population":5927.6,"SQ__n_buildings":708,"2030__E_cooling_kWh":2713288.5,"2030__floor_area_m2":215156.0,"2030__GHG_kgCO2eq":62749.0,"2030__population":5912.7,"2030__n_buildings":708,"2050_L__E_cooling_kWh":3182747.9,"2050_L__floor_area_m2":215156.0,"2050_L__GHG_kgCO2eq":17315.5,"2050_L__population":5912.7,"2050_L__n_buildings":708,"2050_M__E_cooling_kWh":3288350.9,"2050_M__floor_area_m2":215156.0,"2050_M__GHG_kgCO2eq":25890.0,"2050_M__population":5912.7,"2050_M__n_buildings":708,"2050_H__E_cooling_kWh":4727544.9,"2050_H__floor_area_m2":215156.0,"2050_H__GHG_kgCO2eq":168425.1,"2050_H__population":5912.7,"2050_H__n_buildings":708},"geometry":{"type":"Polygon","coordinates":[[[4.22736,52.05797],[4.22841,52.05639],[4.23308,52.05439],[4.23879,52.05544],[4.24019,52.0556],[4.24126,52.05535],[4.24173,52.0555],[4.24348,52.05249],[4.23657,52.05055],[4.23636,52.05074],[4.23436,52.04997],[4.23269,52.05201],[4.23212,52.05214],[4.23041,52.05154],[4.22988,52.05175],[4.22917,52.05156],[4.22667,52.05589],[4.22617,52.05777],[4.22736,52.05797]]]}},{"type":"Feature","properties":{"buurtcode":"BU05181806","buurtnaam":"Waldeck-Zuid","SQ__E_cooling_kWh":794061.3,"SQ__floor_area_m2":90422.0,"SQ__GHG_kgCO2eq":14146.5,"SQ__population":2395.9,"SQ__n_buildings":147,"2030__E_cooling_kWh":849312.2,"2030__floor_area_m2":90422.0,"2030__GHG_kgCO2eq":17081.2,"2030__population":2395.9,"2030__n_buildings":147,"2050_L__E_cooling_kWh":1095626.2,"2050_L__floor_area_m2":90422.0,"2050_L__GHG_kgCO2eq":5870.6,"2050_L__population":2395.9,"2050_L__n_buildings":147,"2050_M__E_cooling_kWh":1234072.4,"2050_M__floor_area_m2":90422.0,"2050_M__GHG_kgCO2eq":9451.6,"2050_M__population":2395.9,"2050_M__n_buildings":147,"2050_H__E_cooling_kWh":1703765.8,"2050_H__floor_area_m2":90422.0,"2050_H__GHG_kgCO2eq":62844.1,"2050_H__population":2395.9,"2050_H__n_buildings":147},"geometry":{"type":"Polygon","coordinates":[[[4.23523,52.05857],[4.2373,52.05507],[4.23308,52.05439],[4.22841,52.05639],[4.22734,52.05803],[4.23523,52.05857]]]}},{"type":"Feature","properties":{"buurtcode":"BU05181840","buurtnaam":"Nieuw Waldeck","SQ__E_cooling_kWh":2819842.1,"SQ__floor_area_m2":254851.0,"SQ__GHG_kgCO2eq":43356.5,"SQ__population":6140.5,"SQ__n_buildings":1263,"2030__E_cooling_kWh":3010346.6,"2030__floor_area_m2":254851.0,"2030__GHG_kgCO2eq":54551.4,"2030__population":6140.5,"2030__n_buildings":1263,"2050_L__E_cooling_kWh":3423311.6,"2050_L__floor_area_m2":254851.0,"2050_L__GHG_kgCO2eq":17517.9,"2050_L__population":6140.5,"2050_L__n_buildings":1263,"2050_M__E_cooling_kWh":3528783.9,"2050_M__floor_area_m2":254851.0,"2050_M__GHG_kgCO2eq":26684.1,"2050_M__population":6140.5,"2050_M__n_buildings":1263,"2050_H__E_cooling_kWh":5517650.8,"2050_H__floor_area_m2":254851.0,"2050_H__GHG_kgCO2eq":195321.7,"2050_H__population":6140.5,"2050_H__n_buildings":1263},"geometry":{"type":"Polygon","coordinates":[[[4.24184,52.06404],[4.24483,52.06378],[4.24577,52.06181],[4.24889,52.05767],[4.24126,52.05535],[4.24019,52.0556],[4.2373,52.05507],[4.23512,52.0584],[4.23532,52.05851],[4.23452,52.05872],[4.23413,52.05953],[4.23704,52.06054],[4.23554,52.06224],[4.24184,52.06404]]]}},{"type":"Feature","properties":{"buurtcode":"BU05181882","buurtnaam":"Rosenburg","SQ__E_cooling_kWh":1945925.1,"SQ__floor_area_m2":161388.0,"SQ__GHG_kgCO2eq":36519.0,"SQ__population":3943.8,"SQ__n_buildings":212,"2030__E_cooling_kWh":2107322.5,"2030__floor_area_m2":161388.0,"2030__GHG_kgCO2eq":44059.2,"2030__population":3939.3,"2030__n_buildings":212,"2050_L__E_cooling_kWh":2204222.5,"2050_L__floor_area_m2":161388.0,"2050_L__GHG_kgCO2eq":12508.2,"2050_L__population":3939.3,"2050_L__n_buildings":212,"2050_M__E_cooling_kWh":2529836.7,"2050_M__floor_area_m2":161388.0,"2050_M__GHG_kgCO2eq":19772.3,"2050_M__population":3939.3,"2050_M__n_buildings":212,"2050_H__E_cooling_kWh":3530800.4,"2050_H__floor_area_m2":161388.0,"2050_H__GHG_kgCO2eq":129739.8,"2050_H__population":3939.3,"2050_H__n_buildings":212},"geometry":{"type":"Polygon","coordinates":[[[4.24648,52.06704],[4.25072,52.06493],[4.25825,52.06321],[4.25912,52.06275],[4.24888,52.05766],[4.24559,52.06209],[4.24358,52.06667],[4.24606,52.06751],[4.24648,52.06704]]]}},{"type":"Feature","properties":{"buurtcode":"BU05181893","buurtnaam":"Componistenbuurt","SQ__E_cooling_kWh":630230.0,"SQ__floor_area_m2":96702.0,"SQ__GHG_kgCO2eq":11117.4,"SQ__population":2110.5,"SQ__n_buildings":211,"2030__E_cooling_kWh":732980.6,"2030__floor_area_m2":96702.0,"2030__GHG_kgCO2eq":14729.6,"2030__population":2110.5,"2030__n_buildings":211,"2050_L__E_cooling_kWh":961533.4,"2050_L__floor_area_m2":96702.0,"2050_L__GHG_kgCO2eq":5784.6,"2050_L__population":2110.5,"2050_L__n_buildings":211,"2050_M__E_cooling_kWh":1162885.5,"2050_M__floor_area_m2":96702.0,"2050_M__GHG_kgCO2eq":9232.9,"2050_M__population":2110.5,"2050_M__n_buildings":211,"2050_H__E_cooling_kWh":1623367.1,"2050_H__floor_area_m2":96702.0,"2050_H__GHG_kgCO2eq":59510.2,"2050_H__population":2110.5,"2050_H__n_buildings":211},"geometry":{"type":"Polygon","coordinates":[[[4.24358,52.06667],[4.24481,52.06376],[4.24184,52.06404],[4.23634,52.06251],[4.23494,52.06419],[4.24358,52.06667]]]}},{"type":"Feature","properties":{"buurtcode":"BU05181894","buurtnaam":"Waldeck-Noord","SQ__E_cooling_kWh":1487901.9,"SQ__floor_area_m2":177436.0,"SQ__GHG_kgCO2eq":27894.8,"SQ__population":4747.6,"SQ__n_buildings":189,"2030__E_cooling_kWh":1632476.5,"2030__floor_area_m2":177436.0,"2030__GHG_kgCO2eq":34286.5,"2030__population":4747.6,"2030__n_buildings":189,"2050_L__E_cooling_kWh":1986779.1,"2050_L__floor_area_m2":177436.0,"2050_L__GHG_kgCO2eq":11444.9,"2050_L__population":4747.6,"2050_L__n_buildings":189,"2050_M__E_cooling_kWh":2371740.6,"2050_M__floor_area_m2":177436.0,"2050_M__GHG_kgCO2eq":18756.8,"2050_M__population":4747.6,"2050_M__n_buildings":189,"2050_H__E_cooling_kWh":3267675.6,"2050_H__floor_area_m2":177436.0,"2050_H__GHG_kgCO2eq":123352.8,"2050_H__population":4747.6,"2050_H__n_buildings":189},"geometry":{"type":"Polygon","coordinates":[[[4.23495,52.06418],[4.23634,52.06251],[4.23554,52.06224],[4.23704,52.06054],[4.23413,52.05955],[4.23452,52.05872],[4.235,52.05866],[4.22838,52.05817],[4.22617,52.05777],[4.22566,52.05993],[4.2262,52.06169],[4.22759,52.06163],[4.23495,52.06418]]]}},{"type":"Feature","properties":{"buurtcode":"BU05181953","buurtnaam":"Vruchtenbuurt","SQ__E_cooling_kWh":1808277.1,"SQ__floor_area_m2":285224.0,"SQ__GHG_kgCO2eq":29968.6,"SQ__population":5418.4,"SQ__n_buildings":873,"2030__E_cooling_kWh":2170841.3,"2030__floor_area_m2":285224.0,"2030__GHG_kgCO2eq":42846.0,"2030__population":5416.7,"2030__n_buildings":873,"2050_L__E_cooling_kWh":2696313.2,"2050_L__floor_area_m2":285224.0,"2050_L__GHG_kgCO2eq":17026.0,"2050_L__population":5416.7,"2050_L__n_buildings":873,"2050_M__E_cooling_kWh":3248989.9,"2050_M__floor_area_m2":285224.0,"2050_M__GHG_kgCO2eq":26295.3,"2050_M__population":5416.7,"2050_M__n_buildings":873,"2050_H__E_cooling_kWh":4791374.0,"2050_H__floor_area_m2":285224.0,"2050_H__GHG_kgCO2eq":172099.2,"2050_H__population":5416.7,"2050_H__n_buildings":873},"geometry":{"type":"Polygon","coordinates":[[[4.26183,52.07348],[4.26395,52.0695],[4.25305,52.06553],[4.25243,52.06445],[4.24988,52.06525],[4.24648,52.06704],[4.24606,52.06751],[4.25978,52.07275],[4.26183,52.07348]]]}},{"type":"Feature","properties":{"buurtcode":"BU05181983","buurtnaam":"Eykenduinen","SQ__E_cooling_kWh":686144.5,"SQ__floor_area_m2":117471.0,"SQ__GHG_kgCO2eq":11795.2,"SQ__population":2467.6,"SQ__n_buildings":271,"2030__E_cooling_kWh":802678.5,"2030__floor_area_m2":117471.0,"2030__GHG_kgCO2eq":16157.0,"2030__population":2466.9,"2030__n_buildings":271,"2050_L__E_cooling_kWh":1056583.7,"2050_L__floor_area_m2":117471.0,"2050_L__GHG_kgCO2eq":6757.9,"2050_L__population":2466.9,"2050_L__n_buildings":271,"2050_M__E_cooling_kWh":1253532.3,"2050_M__floor_area_m2":117471.0,"2050_M__GHG_kgCO2eq":10279.0,"2050_M__population":2466.9,"2050_M__n_buildings":271,"2050_H__E_cooling_kWh":1856373.2,"2050_H__floor_area_m2":117471.0,"2050_H__GHG_kgCO2eq":66904.3,"2050_H__population":2466.9,"2050_H__n_buildings":271},"geometry":{"type":"Polygon","coordinates":[[[4.26766,52.07071],[4.26924,52.06884],[4.26955,52.06732],[4.27019,52.06685],[4.26679,52.06572],[4.25924,52.06264],[4.25825,52.06321],[4.25243,52.06445],[4.25305,52.06553],[4.26445,52.06969],[4.26766,52.07071]]]}},{"type":"Feature","properties":{"buurtcode":"BU05182054","buurtnaam":"Heesterbuurt","SQ__E_cooling_kWh":1662385.9,"SQ__floor_area_m2":271094.0,"SQ__GHG_kgCO2eq":26660.3,"SQ__population":7049.1,"SQ__n_buildings":743,"2030__E_cooling_kWh":1931029.5,"2030__floor_area_m2":271094.0,"2030__GHG_kgCO2eq":37011.1,"2030__population":7049.1,"2030__n_buildings":743,"2050_L__E_cooling_kWh":2716816.2,"2050_L__floor_area_m2":271094.0,"2050_L__GHG_kgCO2eq":16101.7,"2050_L__population":7049.1,"2050_L__n_buildings":743,"2050_M__E_cooling_kWh":3068736.3,"2050_M__floor_area_m2":271094.0,"2050_M__GHG_kgCO2eq":24186.1,"2050_M__population":7049.1,"2050_M__n_buildings":743,"2050_H__E_cooling_kWh":4389751.2,"2050_H__floor_area_m2":271094.0,"2050_H__GHG_kgCO2eq":156919.1,"2050_H__population":7049.1,"2050_H__n_buildings":743},"geometry":{"type":"Polygon","coordinates":[[[4.26819,52.07562],[4.27524,52.06848],[4.27019,52.06685],[4.26944,52.06752],[4.26922,52.06887],[4.26766,52.07071],[4.26395,52.0695],[4.26183,52.07348],[4.26819,52.07562]]]}},{"type":"Feature","properties":{"buurtcode":"BU05182055","buurtnaam":"Valkenboskwartier","SQ__E_cooling_kWh":3550035.8,"SQ__floor_area_m2":429232.0,"SQ__GHG_kgCO2eq":57984.6,"SQ__population":10456.8,"SQ__n_buildings":1525,"2030__E_cooling_kWh":4155650.8,"2030__floor_area_m2":429232.0,"2030__GHG_kgCO2eq":80064.6,"2030__population":10452.5,"2030__n_buildings":1525,"2050_L__E_cooling_kWh":4988925.9,"2050_L__floor_area_m2":429232.0,"2050_L__GHG_kgCO2eq":28899.6,"2050_L__population":10452.5,"2050_L__n_buildings":1525,"2050_M__E_cooling_kWh":5837547.7,"2050_M__floor_area_m2":429232.0,"2050_M__GHG_kgCO2eq":44977.6,"2050_M__population":10452.5,"2050_M__n_buildings":1525,"2050_H__E_cooling_kWh":8461038.6,"2050_H__floor_area_m2":429232.0,"2050_H__GHG_kgCO2eq":300833.4,"2050_H__population":10452.5,"2050_H__n_buildings":1525},"geometry":{"type":"Polygon","coordinates":[[[4.27699,52.07865],[4.28417,52.07065],[4.27524,52.06849],[4.26815,52.07566],[4.27699,52.07865]]]}},{"type":"Feature","properties":{"buurtcode":"BU05182110","buurtnaam":"Rond de Energiecentrale","SQ__E_cooling_kWh":4568985.6,"SQ__floor_area_m2":278478.0,"SQ__GHG_kgCO2eq":74226.0,"SQ__population":6924.8,"SQ__n_buildings":793,"2030__E_cooling_kWh":4838115.8,"2030__floor_area_m2":278478.0,"2030__GHG_kgCO2eq":91227.4,"2030__population":6918.1,"2030__n_buildings":793,"2050_L__E_cooling_kWh":4914762.5,"2050_L__floor_area_m2":278478.0,"2050_L__GHG_kgCO2eq":25086.1,"2050_L__population":6918.1,"2050_L__n_buildings":793,"2050_M__E_cooling_kWh":5583778.4,"2050_M__floor_area_m2":278478.0,"2050_M__GHG_kgCO2eq":40714.9,"2050_M__population":6918.1,"2050_M__n_buildings":793,"2050_H__E_cooling_kWh":7460221.2,"2050_H__floor_area_m2":278478.0,"2050_H__GHG_kgCO2eq":270064.9,"2050_H__population":6918.1,"2050_H__n_buildings":793},"geometry":{"type":"Polygon","coordinates":[[[4.2919,52.0787],[4.29432,52.0769],[4.29449,52.07653],[4.29477,52.07655],[4.29696,52.07397],[4.29015,52.07247],[4.28417,52.07065],[4.28083,52.07438],[4.28782,52.07749],[4.28807,52.07758],[4.28887,52.07703],[4.28887,52.07733],[4.2919,52.0787]]]}},{"type":"Feature","properties":{"buurtcode":"BU05182144","buurtnaam":"Koningsplein e.o.","SQ__E_cooling_kWh":2896679.8,"SQ__floor_area_m2":302474.0,"SQ__GHG_kgCO2eq":50020.9,"SQ__population":6857.2,"SQ__n_buildings":1152,"2030__E_cooling_kWh":3310020.1,"2030__floor_area_m2":302474.0,"2030__GHG_kgCO2eq":65264.0,"2030__population":6853.2,"2030__n_buildings":1152,"2050_L__E_cooling_kWh":3817187.8,"2050_L__floor_area_m2":302474.0,"2050_L__GHG_kgCO2eq":21742.4,"2050_L__population":6853.2,"2050_L__n_buildings":1152,"2050_M__E_cooling_kWh":4431735.7,"2050_M__floor_area_m2":302474.0,"2050_M__GHG_kgCO2eq":34157.3,"2050_M__population":6853.2,"2050_M__n_buildings":1152,"2050_H__E_cooling_kWh":6530953.7,"2050_H__floor_area_m2":302474.0,"2050_H__GHG_kgCO2eq":232365.2,"2050_H__population":6853.2,"2050_H__n_buildings":1152},"geometry":{"type":"Polygon","coordinates":[[[4.28762,52.08181],[4.2919,52.0787],[4.28887,52.07733],[4.28887,52.07703],[4.28807,52.07758],[4.28083,52.07438],[4.2769,52.07876],[4.2819,52.08049],[4.28479,52.08099],[4.28474,52.08124],[4.28509,52.08103],[4.28626,52.08122],[4.28762,52.08181]]]}},{"type":"Feature","properties":{"buurtcode":"BU05182245","buurtnaam":"Zeeheldenkwartier","SQ__E_cooling_kWh":6889498.7,"SQ__floor_area_m2":568104.0,"SQ__GHG_kgCO2eq":152104.6,"SQ__population":13631.7,"SQ__n_buildings":1583,"2030__E_cooling_kWh":7658321.0,"2030__floor_area_m2":568104.0,"2030__GHG_kgCO2eq":172115.0,"2030__population":13577.9,"2030__n_buildings":1583,"2050_L__E_cooling_kWh":8361958.6,"2050_L__floor_area_m2":568104.0,"2050_L__GHG_kgCO2eq":46774.7,"2050_L__population":13577.9,"2050_L__n_buildings":1583,"2050_M__E_cooling_kWh":9411398.0,"2050_M__floor_area_m2":568104.0,"2050_M__GHG_kgCO2eq":73275.1,"2050_M__population":13577.9,"2050_M__n_buildings":1583,"2050_H__E_cooling_kWh":13582291.7,"2050_H__floor_area_m2":568104.0,"2050_H__GHG_kgCO2eq":480586.9,"2050_H__population":13577.9,"2050_H__n_buildings":1583},"geometry":{"type":"Polygon","coordinates":[[[4.29625,52.08765],[4.29737,52.08718],[4.29953,52.08704],[4.3008,52.0867],[4.30377,52.08405],[4.30389,52.08391],[4.30094,52.08269],[4.30353,52.08014],[4.29479,52.07648],[4.28762,52.08181],[4.29335,52.08462],[4.2932,52.08482],[4.29266,52.08481],[4.29299,52.08543],[4.29219,52.08628],[4.29281,52.08722],[4.29448,52.08824],[4.29552,52.08828],[4.29625,52.08765]]]}},{"type":"Feature","properties":{"buurtcode":"BU05182347","buurtnaam":"Willemspark","SQ__E_cooling_kWh":5268856.5,"SQ__floor_area_m2":149405.0,"SQ__GHG_kgCO2eq":232322.3,"SQ__population":5523.6,"SQ__n_buildings":285,"2030__E_cooling_kWh":5691239.0,"2030__floor_area_m2":149405.0,"2030__GHG_kgCO2eq":195128.0,"2030__population":5376.8,"2030__n_buildings":285,"2050_L__E_cooling_kWh":5761894.8,"2050_L__floor_area_m2":149405.0,"2050_L__GHG_kgCO2eq":33434.9,"2050_L__population":5376.8,"2050_L__n_buildings":285,"2050_M__E_cooling_kWh":6198403.8,"2050_M__floor_area_m2":149405.0,"2050_M__GHG_kgCO2eq":51275.8,"2050_M__population":5376.8,"2050_M__n_buildings":285,"2050_H__E_cooling_kWh":7317937.5,"2050_H__floor_area_m2":149405.0,"2050_H__GHG_kgCO2eq":241635.7,"2050_H__population":5376.8,"2050_H__n_buildings":285},"geometry":{"type":"Polygon","coordinates":[[[4.31209,52.08985],[4.31557,52.08558],[4.31395,52.08488],[4.31207,52.08673],[4.30518,52.08406],[4.30389,52.08391],[4.30042,52.08688],[4.3045,52.08832],[4.30913,52.08901],[4.31209,52.08985]]]}},{"type":"Feature","properties":{"buurtcode":"BU05182449","buurtnaam":"Haagse Bos","SQ__E_cooling_kWh":4175059.1,"SQ__floor_area_m2":88659.0,"SQ__GHG_kgCO2eq":209524.7,"SQ__population":4230.2,"SQ__n_buildings":24,"2030__E_cooling_kWh":4214378.5,"2030__floor_area_m2":88659.0,"2030__GHG_kgCO2eq":144338.8,"2030__population":4096.0,"2030__n_buildings":24,"2050_L__E_cooling_kWh":4219918.7,"2050_L__floor_area_m2":88659.0,"2050_L__GHG_kgCO2eq":25098.5,"2050_L__population":4096.0,"2050_L__n_buildings":24,"2050_M__E_cooling_kWh":4607010.6,"2050_M__floor_area_m2":88659.0,"2050_M__GHG_kgCO2eq":37795.4,"2050_M__population":4096.0,"2050_M__n_buildings":24,"2050_H__E_cooling_kWh":5308585.6,"2050_H__floor_area_m2":88659.0,"2050_H__GHG_kgCO2eq":166945.4,"2050_H__population":4096.0,"2050_H__n_buildings":24},"geometry":{"type":"Polygon","coordinates":[[[4.34381,52.09806],[4.34633,52.09592],[4.34075,52.09408],[4.34304,52.09137],[4.33835,52.08986],[4.33432,52.08783],[4.33203,52.08637],[4.32016,52.08137],[4.31801,52.0831],[4.31518,52.08606],[4.31842,52.08702],[4.32652,52.09096],[4.34381,52.09806]]]}},{"type":"Feature","properties":{"buurtcode":"BU05182561","buurtnaam":"Landen","SQ__E_cooling_kWh":6551616.8,"SQ__floor_area_m2":253901.0,"SQ__GHG_kgCO2eq":288387.5,"SQ__population":8690.5,"SQ__n_buildings":362,"2030__E_cooling_kWh":6684357.2,"2030__floor_area_m2":253901.0,"2030__GHG_kgCO2eq":188783.5,"2030__population":8564.1,"2030__n_buildings":362,"2050_L__E_cooling_kWh":6874236.9,"2050_L__floor_area_m2":253901.0,"2050_L__GHG_kgCO2eq":37810.1,"2050_L__population":8564.1,"2050_L__n_buildings":362,"2050_M__E_cooling_kWh":7409678.8,"2050_M__floor_area_m2":253901.0,"2050_M__GHG_kgCO2eq":57114.9,"2050_M__population":8564.1,"2050_M__n_buildings":362,"2050_H__E_cooling_kWh":9121143.2,"2050_H__floor_area_m2":253901.0,"2050_H__GHG_kgCO2eq":294702.7,"2050_H__population":8564.1,"2050_H__n_buildings":362},"geometry":{"type":"Polygon","coordinates":[[[4.36347,52.10185],[4.36508,52.10004],[4.37007,52.09606],[4.37046,52.09623],[4.37271,52.09477],[4.37147,52.09383],[4.37351,52.0923],[4.36778,52.08958],[4.36477,52.09221],[4.35986,52.09803],[4.35848,52.09912],[4.36242,52.10137],[4.36347,52.10185]]]}},{"type":"Feature","properties":{"buurtcode":"BU05182567","buurtnaam":"Kampen","SQ__E_cooling_kWh":1258573.4,"SQ__floor_area_m2":123571.0,"SQ__GHG_kgCO2eq":21420.8,"SQ__population":3459.2,"SQ__n_buildings":256,"2030__E_cooling_kWh":1343497.5,"2030__floor_area_m2":123571.0,"2030__GHG_kgCO2eq":26173.0,"2030__population":3459.2,"2030__n_buildings":256,"2050_L__E_cooling_kWh":1483456.5,"2050_L__floor_area_m2":123571.0,"2050_L__GHG_kgCO2eq":8312.3,"2050_L__population":3459.2,"2050_L__n_buildings":256,"2050_M__E_cooling_kWh":1825311.5,"2050_M__floor_area_m2":123571.0,"2050_M__GHG_kgCO2eq":13858.2,"2050_M__population":3459.2,"2050_M__n_buildings":256,"2050_H__E_cooling_kWh":2541488.9,"2050_H__floor_area_m2":123571.0,"2050_H__GHG_kgCO2eq":93437.6,"2050_H__population":3459.2,"2050_H__n_buildings":256},"geometry":{"type":"Polygon","coordinates":[[[4.34959,52.09344],[4.3534,52.09002],[4.35339,52.08955],[4.35407,52.0894],[4.35664,52.08726],[4.35705,52.08744],[4.35773,52.08702],[4.3589,52.08556],[4.35249,52.08269],[4.34235,52.09126],[4.34717,52.09249],[4.34959,52.09344]]]}},{"type":"Feature","properties":{"buurtcode":"BU05182568","buurtnaam":"Marlot","SQ__E_cooling_kWh":208594.2,"SQ__floor_area_m2":39162.0,"SQ__GHG_kgCO2eq":4100.2,"SQ__population":491.0,"SQ__n_buildings":131,"2030__E_cooling_kWh":309677.5,"2030__floor_area_m2":39162.0,"2030__GHG_kgCO2eq":6891.5,"2030__population":489.3,"2030__n_buildings":131,"2050_L__E_cooling_kWh":323650.8,"2050_L__floor_area_m2":39162.0,"2050_L__GHG_kgCO2eq":2294.0,"2050_L__population":489.3,"2050_L__n_buildings":131,"2050_M__E_cooling_kWh":413762.6,"2050_M__floor_area_m2":39162.0,"2050_M__GHG_kgCO2eq":3578.2,"2050_M__population":489.3,"2050_M__n_buildings":131,"2050_H__E_cooling_kWh":655759.1,"2050_H__floor_area_m2":39162.0,"2050_H__GHG_kgCO2eq":23541.9,"2050_H__population":489.3,"2050_H__n_buildings":131},"geometry":{"type":"Polygon","coordinates":[[[4.35862,52.10568],[4.36032,52.10461],[4.36331,52.1018],[4.35849,52.09927],[4.35756,52.09834],[4.35255,52.09577],[4.34923,52.09319],[4.34304,52.09137],[4.34075,52.09408],[4.34633,52.09592],[4.34374,52.09811],[4.35005,52.10105],[4.35862,52.10568]]]}},{"type":"Feature","properties":{"buurtcode":"BU05182569","buurtnaam":"Burgen en Horsten","SQ__E_cooling_kWh":5975212.5,"SQ__floor_area_m2":322883.0,"SQ__GHG_kgCO2eq":216855.3,"SQ__population":10169.0,"SQ__n_buildings":504,"2030__E_cooling_kWh":6215486.8,"2030__floor_area_m2":322883.0,"2030__GHG_kgCO2eq":175057.6,"2030__population":10078.9,"2030__n_buildings":504,"2050_L__E_cooling_kWh":6537458.3,"2050_L__floor_area_m2":322883.0,"2050_L__GHG_kgCO2eq":36972.9,"2050_L__population":10078.9,"2050_L__n_buildings":504,"2050_M__E_cooling_kWh":7349262.6,"2050_M__floor_area_m2":322883.0,"2050_M__GHG_kgCO2eq":58005.5,"2050_M__population":10078.9,"2050_M__n_buildings":504,"2050_H__E_cooling_kWh":9248946.4,"2050_H__floor_area_m2":322883.0,"2050_H__GHG_kgCO2eq":318509.0,"2050_H__population":10078.9,"2050_H__n_buildings":504},"geometry":{"type":"Polygon","coordinates":[[[4.35848,52.09912],[4.35986,52.09803],[4.36465,52.09233],[4.36778,52.08958],[4.3589,52.08556],[4.35773,52.08702],[4.35705,52.08744],[4.35664,52.08726],[4.35407,52.0894],[4.35339,52.08955],[4.3534,52.09002],[4.35136,52.09222],[4.34959,52.09344],[4.35255,52.09577],[4.35756,52.09834],[4.35848,52.09912]]]}},{"type":"Feature","properties":{"buurtcode":"BU05182664","buurtnaam":"Bezuidenhout-West","SQ__E_cooling_kWh":45941029.9,"SQ__floor_area_m2":553572.0,"SQ__GHG_kgCO2eq":2102913.2,"SQ__population":29539.7,"SQ__n_buildings":278,"2030__E_cooling_kWh":45907010.1,"2030__floor_area_m2":553572.0,"2030__GHG_kgCO2eq":1560203.5,"2030__population":28544.3,"2030__n_buildings":278,"2050_L__E_cooling_kWh":46022690.6,"2050_L__floor_area_m2":553572.0,"2050_L__GHG_kgCO2eq":241513.7,"2050_L__population":28544.3,"2050_L__n_buildings":278,"2050_M__E_cooling_kWh":46812634.7,"2050_M__floor_area_m2":553572.0,"2050_M__GHG_kgCO2eq":367234.8,"2050_M__population":28544.3,"2050_M__n_buildings":278,"2050_H__E_cooling_kWh":49060262.7,"2050_H__floor_area_m2":553572.0,"2050_H__GHG_kgCO2eq":1545715.6,"2050_H__population":28544.3,"2050_H__n_buildings":278},"geometry":{"type":"Polygon","coordinates":[[[4.32952,52.08531],[4.33026,52.08414],[4.33363,52.08067],[4.33637,52.07826],[4.33885,52.07661],[4.33521,52.075],[4.33448,52.07529],[4.33384,52.07499],[4.33064,52.07626],[4.33043,52.07615],[4.32708,52.07812],[4.32549,52.07937],[4.32675,52.07983],[4.32447,52.08178],[4.32545,52.0823],[4.32547,52.08262],[4.32481,52.08323],[4.32952,52.08531]]]}},{"type":"Feature","properties":{"buurtcode":"BU05182665","buurtnaam":"Bezuidenhout-Midden","SQ__E_cooling_kWh":23142623.9,"SQ__floor_area_m2":411515.0,"SQ__GHG_kgCO2eq":1139490.2,"SQ__population":17032.4,"SQ__n_buildings":519,"2030__E_cooling_kWh":23392969.5,"2030__floor_area_m2":411515.0,"2030__GHG_kgCO2eq":733773.9,"2030__population":16499.4,"2030__n_buildings":519,"2050_L__E_cooling_kWh":23380659.8,"2050_L__floor_area_m2":411515.0,"2050_L__GHG_kgCO2eq":126233.8,"2050_L__population":16499.4,"2050_L__n_buildings":519,"2050_M__E_cooling_kWh":24356944.1,"2050_M__floor_area_m2":411515.0,"2050_M__GHG_kgCO2eq":186910.6,"2050_M__population":16499.4,"2050_M__n_buildings":519,"2050_H__E_cooling_kWh":26667991.8,"2050_H__floor_area_m2":411515.0,"2050_H__GHG_kgCO2eq":808550.6,"2050_H__population":16499.4,"2050_H__n_buildings":519},"geometry":{"type":"Polygon","coordinates":[[[4.3347,52.08804],[4.34477,52.0793],[4.3451,52.07948],[4.34548,52.07915],[4.33938,52.07657],[4.33885,52.07661],[4.33649,52.07817],[4.33412,52.08021],[4.33026,52.08414],[4.32952,52.08531],[4.3331,52.0869],[4.3347,52.08804]]]}},{"type":"Feature","properties":{"buurtcode":"BU05182666","buurtnaam":"Bezuidenhout-Oost","SQ__E_cooling_kWh":7297701.4,"SQ__floor_area_m2":477898.0,"SQ__GHG_kgCO2eq":271104.5,"SQ__population":12796.0,"SQ__n_buildings":1098,"2030__E_cooling_kWh":7730008.0,"2030__floor_area_m2":477898.0,"2030__GHG_kgCO2eq":215593.0,"2030__population":12672.7,"2030__n_buildings":1098,"2050_L__E_cooling_kWh":8484770.0,"2050_L__floor_area_m2":477898.0,"2050_L__GHG_kgCO2eq":49873.0,"2050_L__population":12672.7,"2050_L__n_buildings":1098,"2050_M__E_cooling_kWh":9433616.5,"2050_M__floor_area_m2":477898.0,"2050_M__GHG_kgCO2eq":75357.2,"2050_M__population":12672.7,"2050_M__n_buildings":1098,"2050_H__E_cooling_kWh":12233533.6,"2050_H__floor_area_m2":477898.0,"2050_H__GHG_kgCO2eq":410655.0,"2050_H__population":12672.7,"2050_H__n_buildings":1098},"geometry":{"type":"Polygon","coordinates":[[[4.34241,52.09121],[4.35249,52.08269],[4.34712,52.08028],[4.34713,52.08],[4.34681,52.08017],[4.34477,52.0793],[4.3347,52.08804],[4.33838,52.08987],[4.34241,52.09121]]]}},{"type":"Feature","properties":{"buurtcode":"BU05182718","buurtnaam":"Huygenspark","SQ__E_cooling_kWh":4210288.9,"SQ__floor_area_m2":269838.0,"SQ__GHG_kgCO2eq":70427.2,"SQ__population":9045.0,"SQ__n_buildings":704,"2030__E_cooling_kWh":4485778.4,"2030__floor_area_m2":269838.0,"2030__GHG_kgCO2eq":87789.7,"2030__population":9039.0,"2030__n_buildings":704,"2050_L__E_cooling_kWh":4604324.4,"2050_L__floor_area_m2":269838.0,"2050_L__GHG_kgCO2eq":25258.9,"2050_L__population":9039.0,"2050_L__n_buildings":704,"2050_M__E_cooling_kWh":5169952.1,"2050_M__floor_area_m2":269838.0,"2050_M__GHG_kgCO2eq":40057.9,"2050_M__population":9039.0,"2050_M__n_buildings":704,"2050_H__E_cooling_kWh":7446748.0,"2050_H__floor_area_m2":269838.0,"2050_H__GHG_kgCO2eq":273485.5,"2050_H__population":9039.0,"2050_H__n_buildings":704},"geometry":{"type":"Polygon","coordinates":[[[4.32013,52.07493],[4.32381,52.07302],[4.32415,52.0732],[4.32447,52.07251],[4.32616,52.07164],[4.32512,52.07133],[4.32546,52.07095],[4.32511,52.07078],[4.32572,52.07011],[4.31623,52.06593],[4.31576,52.06597],[4.31485,52.06641],[4.31907,52.06878],[4.31758,52.07026],[4.31591,52.06956],[4.31419,52.07107],[4.31251,52.07072],[4.31142,52.07194],[4.31684,52.0738],[4.3194,52.07495],[4.32013,52.07493]]]}},{"type":"Feature","properties":{"buurtcode":"BU05182762","buurtnaam":"Rivierenbuurt-Zuid","SQ__E_cooling_kWh":420766.0,"SQ__floor_area_m2":29898.0,"SQ__GHG_kgCO2eq":10925.5,"SQ__population":976.4,"SQ__n_buildings":95,"2030__E_cooling_kWh":446834.8,"2030__floor_area_m2":29898.0,"2030__GHG_kgCO2eq":11491.8,"2030__population":972.0,"2030__n_buildings":95,"2050_L__E_cooling_kWh":488122.8,"2050_L__floor_area_m2":29898.0,"2050_L__GHG_kgCO2eq":2827.6,"2050_L__population":972.0,"2050_L__n_buildings":95,"2050_M__E_cooling_kWh":548302.4,"2050_M__floor_area_m2":29898.0,"2050_M__GHG_kgCO2eq":4407.0,"2050_M__population":972.0,"2050_M__n_buildings":95,"2050_H__E_cooling_kWh":780833.7,"2050_H__floor_area_m2":29898.0,"2050_H__GHG_kgCO2eq":27394.9,"2050_H__population":972.0,"2050_H__n_buildings":95},"geometry":{"type":"Polygon","coordinates":[[[4.33214,52.07564],[4.33384,52.07499],[4.33114,52.07378],[4.33077,52.07387],[4.32822,52.07256],[4.32797,52.07277],[4.32646,52.07212],[4.32649,52.07179],[4.32616,52.07164],[4.32447,52.07251],[4.3253,52.07322],[4.32993,52.0751],[4.33008,52.07537],[4.33214,52.07564]]]}},{"type":"Feature","properties":{"buurtcode":"BU05182763","buurtnaam":"Rivierenbuurt-Noord","SQ__E_cooling_kWh":19774106.1,"SQ__floor_area_m2":338700.0,"SQ__GHG_kgCO2eq":1010148.9,"SQ__population":16849.7,"SQ__n_buildings":420,"2030__E_cooling_kWh":20010273.9,"2030__floor_area_m2":338700.0,"2030__GHG_kgCO2eq":621561.5,"2030__population":16281.2,"2030__n_buildings":420,"2050_L__E_cooling_kWh":19621031.1,"2050_L__floor_area_m2":338700.0,"2050_L__GHG_kgCO2eq":111771.9,"2050_L__population":16281.2,"2050_L__n_buildings":420,"2050_M__E_cooling_kWh":20992409.5,"2050_M__floor_area_m2":338700.0,"2050_M__GHG_kgCO2eq":163318.6,"2050_M__population":16281.2,"2050_M__n_buildings":420,"2050_H__E_cooling_kWh":23872586.1,"2050_H__floor_area_m2":338700.0,"2050_H__GHG_kgCO2eq":712584.5,"2050_H__population":16281.2,"2050_H__n_buildings":420},"geometry":{"type":"Polygon","coordinates":[[[4.32481,52.08323],[4.32545,52.0823],[4.32447,52.08178],[4.32675,52.07983],[4.32549,52.07937],[4.32875,52.07709],[4.33043,52.07615],[4.33064,52.07626],[4.33214,52.07564],[4.33008,52.07537],[4.32993,52.0751],[4.3253,52.07322],[4.32455,52.07264],[4.32415,52.0732],[4.32381,52.07302],[4.32013,52.07493],[4.32484,52.07754],[4.32019,52.08136],[4.32078,52.08177],[4.32481,52.08323]]]}},{"type":"Feature","properties":{"buurtcode":"BU05182811","buurtnaam":"Kortenbos","SQ__E_cooling_kWh":5715943.3,"SQ__floor_area_m2":378071.0,"SQ__GHG_kgCO2eq":156079.2,"SQ__population":10529.6,"SQ__n_buildings":716,"2030__E_cooling_kWh":6357979.6,"2030__floor_area_m2":378071.0,"2030__GHG_kgCO2eq":159047.5,"2030__population":10465.3,"2030__n_buildings":716,"2050_L__E_cooling_kWh":6860302.9,"2050_L__floor_area_m2":378071.0,"2050_L__GHG_kgCO2eq":36396.2,"2050_L__population":10465.3,"2050_L__n_buildings":716,"2050_M__E_cooling_kWh":7456395.4,"2050_M__floor_area_m2":378071.0,"2050_M__GHG_kgCO2eq":57254.5,"2050_M__population":10465.3,"2050_M__n_buildings":716,"2050_H__E_cooling_kWh":10117384.0,"2050_H__floor_area_m2":378071.0,"2050_H__GHG_kgCO2eq":353531.9,"2050_H__population":10465.3,"2050_H__n_buildings":716},"geometry":{"type":"Polygon","coordinates":[[[4.30397,52.08384],[4.30867,52.07936],[4.30902,52.07817],[4.30863,52.07816],[4.30879,52.07792],[4.30743,52.07725],[4.30882,52.07556],[4.29943,52.07229],[4.29848,52.07335],[4.29706,52.07382],[4.29479,52.07648],[4.30353,52.08014],[4.30094,52.08269],[4.30397,52.08384]]]}},{"type":"Feature","properties":{"buurtcode":"BU05182812","buurtnaam":"Voorhout","SQ__E_cooling_kWh":19393641.9,"SQ__floor_area_m2":359818.0,"SQ__GHG_kgCO2eq":943390.4,"SQ__population":17220.4,"SQ__n_buildings":499,"2030__E_cooling_kWh":20460109.4,"2030__floor_area_m2":359818.0,"2030__GHG_kgCO2eq":702196.7,"2030__population":16627.4,"2030__n_buildings":499,"2050_L__E_cooling_kWh":20747809.9,"2050_L__floor_area_m2":359818.0,"2050_L__GHG_kgCO2eq":118677.2,"2050_L__population":16627.4,"2050_L__n_buildings":499,"2050_M__E_cooling_kWh":22067440.3,"2050_M__floor_area_m2":359818.0,"2050_M__GHG_kgCO2eq":178667.2,"2050_M__population":16627.4,"2050_M__n_buildings":499,"2050_H__E_cooling_kWh":24705163.4,"2050_H__floor_area_m2":359818.0,"2050_H__GHG_kgCO2eq":774592.8,"2050_H__population":16627.4,"2050_H__n_buildings":499},"geometry":{"type":"Polygon","coordinates":[[[4.31207,52.08673],[4.31395,52.08488],[4.31557,52.08558],[4.31819,52.08293],[4.32019,52.08136],[4.31045,52.0769],[4.30902,52.07817],[4.30862,52.07944],[4.30389,52.08391],[4.30516,52.08405],[4.31129,52.08647],[4.31207,52.08673]]]}},{"type":"Feature","properties":{"buurtcode":"BU05182813","buurtnaam":"Uilebomen","SQ__E_cooling_kWh":52263488.4,"SQ__floor_area_m2":651526.0,"SQ__GHG_kgCO2eq":2626834.3,"SQ__population":34643.9,"SQ__n_buildings":346,"2030__E_cooling_kWh":52620572.6,"2030__floor_area_m2":651526.0,"2030__GHG_kgCO2eq":1670879.8,"2030__population":33414.7,"2030__n_buildings":346,"2050_L__E_cooling_kWh":52687869.2,"2050_L__floor_area_m2":651526.0,"2050_L__GHG_kgCO2eq":277258.9,"2050_L__population":33414.7,"2050_L__n_buildings":346,"2050_M__E_cooling_kWh":54161322.2,"2050_M__floor_area_m2":651526.0,"2050_M__GHG_kgCO2eq":410646.9,"2050_M__population":33414.7,"2050_M__n_buildings":346,"2050_H__E_cooling_kWh":57178731.3,"2050_H__floor_area_m2":651526.0,"2050_H__GHG_kgCO2eq":1702197.3,"2050_H__population":33414.7,"2050_H__n_buildings":346},"geometry":{"type":"Polygon","coordinates":[[[4.32019,52.08136],[4.32484,52.07754],[4.32059,52.07507],[4.31965,52.07494],[4.31351,52.07827],[4.32019,52.08136]]]}},{"type":"Feature","properties":{"buurtcode":"BU05182814","buurtnaam":"Zuidwal","SQ__E_cooling_kWh":5975285.7,"SQ__floor_area_m2":343308.0,"SQ__GHG_kgCO2eq":180621.4,"SQ__population":10398.3,"SQ__n_buildings":794,"2030__E_cooling_kWh":6347739.2,"2030__floor_area_m2":343308.0,"2030__GHG_kgCO2eq":156057.7,"2030__population":10327.2,"2030__n_buildings":794,"2050_L__E_cooling_kWh":6626203.9,"2050_L__floor_area_m2":343308.0,"2050_L__GHG_kgCO2eq":36255.8,"2050_L__population":10327.2,"2050_L__n_buildings":794,"2050_M__E_cooling_kWh":7240301.0,"2050_M__floor_area_m2":343308.0,"2050_M__GHG_kgCO2eq":55786.0,"2050_M__population":10327.2,"2050_M__n_buildings":794,"2050_H__E_cooling_kWh":10004809.1,"2050_H__floor_area_m2":343308.0,"2050_H__GHG_kgCO2eq":342812.2,"2050_H__population":10327.2,"2050_H__n_buildings":794},"geometry":{"type":"Polygon","coordinates":[[[4.31362,52.07822],[4.31961,52.07495],[4.31684,52.0738],[4.30788,52.07076],[4.30607,52.07273],[4.30117,52.07102],[4.30054,52.07104],[4.29943,52.07229],[4.30882,52.07556],[4.30743,52.07725],[4.30879,52.07792],[4.30863,52.07816],[4.30902,52.07817],[4.31045,52.0769],[4.31362,52.07822]]]}},{"type":"Feature","properties":{"buurtcode":"BU05182915","buurtnaam":"Schildersbuurt-West","SQ__E_cooling_kWh":5082488.2,"SQ__floor_area_m2":436194.0,"SQ__GHG_kgCO2eq":78526.4,"SQ__population":10922.5,"SQ__n_buildings":1144,"2030__E_cooling_kWh":5442238.9,"2030__floor_area_m2":436194.0,"2030__GHG_kgCO2eq":98574.6,"2030__population":10919.7,"2030__n_buildings":1144,"2050_L__E_cooling_kWh":5915635.4,"2050_L__floor_area_m2":436194.0,"2050_L__GHG_kgCO2eq":30498.2,"2050_L__population":10919.7,"2050_L__n_buildings":1144,"2050_M__E_cooling_kWh":6479845.8,"2050_M__floor_area_m2":436194.0,"2050_M__GHG_kgCO2eq":47197.6,"2050_M__population":10919.7,"2050_M__n_buildings":1144,"2050_H__E_cooling_kWh":9605005.1,"2050_H__floor_area_m2":436194.0,"2050_H__GHG_kgCO2eq":338157.6,"2050_H__population":10919.7,"2050_H__n_buildings":1144},"geometry":{"type":"Polygon","coordinates":[[[4.29696,52.07397],[4.29855,52.0733],[4.30065,52.07098],[4.30049,52.07014],[4.30493,52.0657],[4.30636,52.06494],[4.30774,52.06183],[4.30752,52.06137],[4.30788,52.06141],[4.30797,52.06114],[4.30477,52.06131],[4.30147,52.06258],[4.29776,52.06649],[4.29373,52.07009],[4.29288,52.06991],[4.2904,52.0723],[4.29114,52.07246],[4.29105,52.07267],[4.29696,52.07397]]]}},{"type":"Feature","properties":{"buurtcode":"BU05182916","buurtnaam":"Schildersbuurt-Noord","SQ__E_cooling_kWh":3391653.1,"SQ__floor_area_m2":326277.0,"SQ__GHG_kgCO2eq":54101.6,"SQ__population":8178.2,"SQ__n_buildings":1038,"2030__E_cooling_kWh":3638190.9,"2030__floor_area_m2":326277.0,"2030__GHG_kgCO2eq":67718.0,"2030__population":8174.7,"2030__n_buildings":1038,"2050_L__E_cooling_kWh":3916264.1,"2050_L__floor_area_m2":326277.0,"2050_L__GHG_kgCO2eq":21400.0,"2050_L__population":8174.7,"2050_L__n_buildings":1038,"2050_M__E_cooling_kWh":4360619.4,"2050_M__floor_area_m2":326277.0,"2050_M__GHG_kgCO2eq":32770.1,"2050_M__population":8174.7,"2050_M__n_buildings":1038,"2050_H__E_cooling_kWh":6786097.8,"2050_H__floor_area_m2":326277.0,"2050_H__GHG_kgCO2eq":238681.2,"2050_H__population":8174.7,"2050_H__n_buildings":1038},"geometry":{"type":"Polygon","coordinates":[[[4.30607,52.07273],[4.30788,52.07076],[4.31142,52.07194],[4.31251,52.07072],[4.31419,52.07107],[4.31591,52.06956],[4.3062,52.06507],[4.30493,52.0657],[4.30049,52.07014],[4.30065,52.07098],[4.30607,52.07273]]]}},{"type":"Feature","properties":{"buurtcode":"BU05182917","buurtnaam":"Schildersbuurt-Oost","SQ__E_cooling_kWh":2067459.5,"SQ__floor_area_m2":203342.0,"SQ__GHG_kgCO2eq":31685.9,"SQ__population":4956.7,"SQ__n_buildings":579,"2030__E_cooling_kWh":2219054.9,"2030__floor_area_m2":203342.0,"2030__GHG_kgCO2eq":40178.0,"2030__population":4956.7,"2030__n_buildings":579,"2050_L__E_cooling_kWh":2482156.8,"2050_L__floor_area_m2":203342.0,"2050_L__GHG_kgCO2eq":13257.3,"2050_L__population":4956.7,"2050_L__n_buildings":579,"2050_M__E_cooling_kWh":2642788.8,"2050_M__floor_area_m2":203342.0,"2050_M__GHG_kgCO2eq":19898.4,"2050_M__population":4956.7,"2050_M__n_buildings":579,"2050_H__E_cooling_kWh":4185593.0,"2050_H__floor_area_m2":203342.0,"2050_H__GHG_kgCO2eq":147406.9,"2050_H__population":4956.7,"2050_H__n_buildings":579},"geometry":{"type":"Polygon","coordinates":[[[4.31744,52.07025],[4.31906,52.06875],[4.31768,52.06817],[4.31485,52.06641],[4.31576,52.06597],[4.31145,52.06217],[4.31099,52.06235],[4.30863,52.06111],[4.30798,52.06116],[4.30788,52.06141],[4.30752,52.06137],[4.30774,52.06183],[4.30618,52.06506],[4.31744,52.07025]]]}},{"type":"Feature","properties":{"buurtcode":"BU05183032","buurtnaam":"Transvaalkwartier-Noord","SQ__E_cooling_kWh":1464042.6,"SQ__floor_area_m2":123103.0,"SQ__GHG_kgCO2eq":21811.5,"SQ__population":3330.6,"SQ__n_buildings":327,"2030__E_cooling_kWh":1567732.7,"2030__floor_area_m2":123103.0,"2030__GHG_kgCO2eq":27614.2,"2030__population":3330.6,"2030__n_buildings":327,"2050_L__E_cooling_kWh":1653975.8,"2050_L__floor_area_m2":123103.0,"2050_L__GHG_kgCO2eq":8446.0,"2050_L__population":3330.6,"2050_L__n_buildings":327,"2050_M__E_cooling_kWh":1830693.5,"2050_M__floor_area_m2":123103.0,"2050_M__GHG_kgCO2eq":13125.2,"2050_M__population":3330.6,"2050_M__n_buildings":327,"2050_H__E_cooling_kWh":2795838.9,"2050_H__floor_area_m2":123103.0,"2050_H__GHG_kgCO2eq":97802.0,"2050_H__population":3330.6,"2050_H__n_buildings":327},"geometry":{"type":"Polygon","coordinates":[[[4.29106,52.07264],[4.29114,52.07246],[4.2904,52.0723],[4.29292,52.06986],[4.28631,52.06736],[4.28404,52.0704],[4.28414,52.07064],[4.29106,52.07264]]]}},{"type":"Feature","properties":{"buurtcode":"BU05183033","buurtnaam":"Transvaalkwartier-Midden","SQ__E_cooling_kWh":2333792.4,"SQ__floor_area_m2":158421.0,"SQ__GHG_kgCO2eq":33648.6,"SQ__population":3433.1,"SQ__n_buildings":412,"2030__E_cooling_kWh":2473525.3,"2030__floor_area_m2":158421.0,"2030__GHG_kgCO2eq":42298.7,"2030__population":3433.1,"2030__n_buildings":412,"2050_L__E_cooling_kWh":2460108.3,"2050_L__floor_area_m2":158421.0,"2050_L__GHG_kgCO2eq":11648.7,"2050_L__population":3433.1,"2050_L__n_buildings":412,"2050_M__E_cooling_kWh":2838524.5,"2050_M__floor_area_m2":158421.0,"2050_M__GHG_kgCO2eq":19155.7,"2050_M__population":3433.1,"2050_M__n_buildings":412,"2050_H__E_cooling_kWh":3892224.2,"2050_H__floor_area_m2":158421.0,"2050_H__GHG_kgCO2eq":136384.4,"2050_H__population":3433.1,"2050_H__n_buildings":412},"geometry":{"type":"Polygon","coordinates":[[[4.2937,52.07011],[4.29684,52.06716],[4.2962,52.06689],[4.29615,52.06652],[4.28927,52.06367],[4.28631,52.06736],[4.2937,52.07011]]]}},{"type":"Feature","properties":{"buurtcode":"BU05183034","buurtnaam":"Transvaalkwartier-Zuid","SQ__E_cooling_kWh":2106254.9,"SQ__floor_area_m2":184826.0,"SQ__GHG_kgCO2eq":30540.5,"SQ__population":4347.6,"SQ__n_buildings":505,"2030__E_cooling_kWh":2283974.5,"2030__floor_area_m2":184826.0,"2030__GHG_kgCO2eq":39569.1,"2030__population":4347.6,"2030__n_buildings":505,"2050_L__E_cooling_kWh":2712964.5,"2050_L__floor_area_m2":184826.0,"2050_L__GHG_kgCO2eq":12888.3,"2050_L__population":4347.6,"2050_L__n_buildings":505,"2050_M__E_cooling_kWh":2850979.4,"2050_M__floor_area_m2":184826.0,"2050_M__GHG_kgCO2eq":19904.2,"2050_M__population":4347.6,"2050_M__n_buildings":505,"2050_H__E_cooling_kWh":3951772.4,"2050_H__floor_area_m2":184826.0,"2050_H__GHG_kgCO2eq":138450.5,"2050_H__population":4347.6,"2050_H__n_buildings":505},"geometry":{"type":"Polygon","coordinates":[[[4.29694,52.06709],[4.30126,52.06284],[4.29731,52.06099],[4.29215,52.0598],[4.28927,52.06367],[4.29615,52.06652],[4.2962,52.06689],[4.29694,52.06709]]]}},{"type":"Feature","properties":{"buurtcode":"BU05183130","buurtnaam":"Rustenburg","SQ__E_cooling_kWh":1336476.8,"SQ__floor_area_m2":184695.0,"SQ__GHG_kgCO2eq":21058.0,"SQ__population":5189.8,"SQ__n_buildings":797,"2030__E_cooling_kWh":1588050.8,"2030__floor_area_m2":184695.0,"2030__GHG_kgCO2eq":30318.2,"2030__population":5189.8,"2030__n_buildings":797,"2050_L__E_cooling_kWh":1978259.1,"2050_L__floor_area_m2":184695.0,"2050_L__GHG_kgCO2eq":12085.4,"2050_L__population":5189.8,"2050_L__n_buildings":797,"2050_M__E_cooling_kWh":2361303.4,"2050_M__floor_area_m2":184695.0,"2050_M__GHG_kgCO2eq":18635.2,"2050_M__population":5189.8,"2050_M__n_buildings":797,"2050_H__E_cooling_kWh":3418729.8,"2050_H__floor_area_m2":184695.0,"2050_H__GHG_kgCO2eq":122534.7,"2050_H__population":5189.8,"2050_H__n_buildings":797},"geometry":{"type":"Polygon","coordinates":[[[4.27589,52.0687],[4.28221,52.06205],[4.28224,52.06156],[4.27505,52.06224],[4.2733,52.06304],[4.27018,52.06684],[4.27589,52.0687]]]}},{"type":"Feature","properties":{"buurtcode":"BU05183131","buurtnaam":"Oostbroek-Noord","SQ__E_cooling_kWh":1042084.5,"SQ__floor_area_m2":167304.0,"SQ__GHG_kgCO2eq":21848.0,"SQ__population":4305.7,"SQ__n_buildings":359,"2030__E_cooling_kWh":1424330.7,"2030__floor_area_m2":167304.0,"2030__GHG_kgCO2eq":34482.6,"2030__population":4295.1,"2030__n_buildings":359,"2050_L__E_cooling_kWh":1858459.3,"2050_L__floor_area_m2":167304.0,"2050_L__GHG_kgCO2eq":11372.6,"2050_L__population":4295.1,"2050_L__n_buildings":359,"2050_M__E_cooling_kWh":2157925.0,"2050_M__floor_area_m2":167304.0,"2050_M__GHG_kgCO2eq":17383.9,"2050_M__population":4295.1,"2050_M__n_buildings":359,"2050_H__E_cooling_kWh":2935304.4,"2050_H__floor_area_m2":167304.0,"2050_H__GHG_kgCO2eq":104320.2,"2050_H__population":4295.1,"2050_H__n_buildings":359},"geometry":{"type":"Polygon","coordinates":[[[4.28416,52.07056],[4.28638,52.06729],[4.28314,52.06626],[4.28146,52.06657],[4.27881,52.06548],[4.27589,52.0687],[4.27606,52.06855],[4.28241,52.07033],[4.28416,52.07056]]]}},{"type":"Feature","properties":{"buurtcode":"BU05183135","buurtnaam":"Oostbroek-Zuid","SQ__E_cooling_kWh":1487277.5,"SQ__floor_area_m2":255050.0,"SQ__GHG_kgCO2eq":24071.3,"SQ__population":6709.4,"SQ__n_buildings":603,"2030__E_cooling_kWh":1762552.9,"2030__floor_area_m2":255050.0,"2030__GHG_kgCO2eq":34155.1,"2030__population":6709.4,"2030__n_buildings":603,"2050_L__E_cooling_kWh":2461753.3,"2050_L__floor_area_m2":255050.0,"2050_L__GHG_kgCO2eq":15091.7,"2050_L__population":6709.4,"2050_L__n_buildings":603,"2050_M__E_cooling_kWh":2902918.5,"2050_M__floor_area_m2":255050.0,"2050_M__GHG_kgCO2eq":23024.8,"2050_M__population":6709.4,"2050_M__n_buildings":603,"2050_H__E_cooling_kWh":4126367.7,"2050_H__floor_area_m2":255050.0,"2050_H__GHG_kgCO2eq":147877.9,"2050_H__population":6709.4,"2050_H__n_buildings":603},"geometry":{"type":"Polygon","coordinates":[[[4.28638,52.06729],[4.29214,52.05982],[4.29213,52.05956],[4.28469,52.0614],[4.28224,52.06156],[4.28221,52.06205],[4.27881,52.06548],[4.28146,52.06657],[4.28314,52.06626],[4.28638,52.06729]]]}},{"type":"Feature","properties":{"buurtcode":"BU05183284","buurtnaam":"Leyenburg","SQ__E_cooling_kWh":5877793.3,"SQ__floor_area_m2":626200.0,"SQ__GHG_kgCO2eq":97751.8,"SQ__population":16150.6,"SQ__n_buildings":1341,"2030__E_cooling_kWh":6379933.2,"2030__floor_area_m2":626200.0,"2030__GHG_kgCO2eq":122451.1,"2030__population":16146.0,"2030__n_buildings":1341,"2050_L__E_cooling_kWh":7507302.5,"2050_L__floor_area_m2":626200.0,"2050_L__GHG_kgCO2eq":41615.2,"2050_L__population":16146.0,"2050_L__n_buildings":1341,"2050_M__E_cooling_kWh":8858725.5,"2050_M__floor_area_m2":626200.0,"2050_M__GHG_kgCO2eq":66651.0,"2050_M__population":16146.0,"2050_M__n_buildings":1341,"2050_H__E_cooling_kWh":12182234.9,"2050_H__floor_area_m2":626200.0,"2050_H__GHG_kgCO2eq":438519.5,"2050_H__population":16146.0,"2050_H__n_buildings":1341},"geometry":{"type":"Polygon","coordinates":[[[4.27018,52.06684],[4.2733,52.06304],[4.27411,52.06252],[4.2753,52.06221],[4.28266,52.06154],[4.28272,52.06137],[4.28152,52.06135],[4.28154,52.06086],[4.26957,52.05413],[4.26917,52.05446],[4.26743,52.05341],[4.26243,52.05136],[4.26209,52.05158],[4.26167,52.05131],[4.25818,52.05336],[4.25641,52.054],[4.26089,52.05668],[4.26059,52.05698],[4.26161,52.05714],[4.26412,52.0586],[4.26122,52.06165],[4.25924,52.06264],[4.26679,52.06572],[4.27018,52.06684]]]}},{"type":"Feature","properties":{"buurtcode":"BU05183387","buurtnaam":"Venen, Oorden en Raden","SQ__E_cooling_kWh":2313138.5,"SQ__floor_area_m2":266169.0,"SQ__GHG_kgCO2eq":38825.0,"SQ__population":7249.5,"SQ__n_buildings":701,"2030__E_cooling_kWh":2542596.5,"2030__floor_area_m2":266169.0,"2030__GHG_kgCO2eq":50030.6,"2030__population":7248.2,"2030__n_buildings":701,"2050_L__E_cooling_kWh":2813748.4,"2050_L__floor_area_m2":266169.0,"2050_L__GHG_kgCO2eq":17258.1,"2050_L__population":7248.2,"2050_L__n_buildings":701,"2050_M__E_cooling_kWh":3499712.5,"2050_M__floor_area_m2":266169.0,"2050_M__GHG_kgCO2eq":27502.3,"2050_M__population":7248.2,"2050_M__n_buildings":701,"2050_H__E_cooling_kWh":5089308.7,"2050_H__floor_area_m2":266169.0,"2050_H__GHG_kgCO2eq":184265.5,"2050_H__population":7248.2,"2050_H__n_buildings":701},"geometry":{"type":"Polygon","coordinates":[[[4.26167,52.05131],[4.26315,52.05026],[4.26364,52.0504],[4.26782,52.0474],[4.26344,52.04525],[4.25078,52.03807],[4.25113,52.03784],[4.25085,52.03769],[4.24568,52.04001],[4.24591,52.04036],[4.2554,52.04636],[4.25468,52.04685],[4.26167,52.05131]]]}},{"type":"Feature","properties":{"buurtcode":"BU05183396","buurtnaam":"Zijden, Steden en Zichten","SQ__E_cooling_kWh":2166626.3,"SQ__floor_area_m2":258852.0,"SQ__GHG_kgCO2eq":36260.5,"SQ__population":6872.2,"SQ__n_buildings":635,"2030__E_cooling_kWh":2365166.3,"2030__floor_area_m2":258852.0,"2030__GHG_kgCO2eq":46353.8,"2030__population":6872.2,"2030__n_buildings":635,"2050_L__E_cooling_kWh":2699178.3,"2050_L__floor_area_m2":258852.0,"2050_L__GHG_kgCO2eq":16629.8,"2050_L__population":6872.2,"2050_L__n_buildings":635,"2050_M__E_cooling_kWh":3221176.7,"2050_M__floor_area_m2":258852.0,"2050_M__GHG_kgCO2eq":25959.4,"2050_M__population":6872.2,"2050_M__n_buildings":635,"2050_H__E_cooling_kWh":4869659.4,"2050_H__floor_area_m2":258852.0,"2050_H__GHG_kgCO2eq":177223.2,"2050_H__population":6872.2,"2050_H__n_buildings":635},"geometry":{"type":"Polygon","coordinates":[[[4.26781,52.04739],[4.27379,52.04334],[4.25727,52.03459],[4.25505,52.03365],[4.2512,52.03726],[4.25085,52.03769],[4.25113,52.03784],[4.25078,52.03807],[4.26344,52.04525],[4.26781,52.04739]]]}},{"type":"Feature","properties":{"buurtcode":"BU05183398","buurtnaam":"Dreven en Gaarden","SQ__E_cooling_kWh":3658306.5,"SQ__floor_area_m2":351090.0,"SQ__GHG_kgCO2eq":60208.8,"SQ__population":8736.1,"SQ__n_buildings":798,"2030__E_cooling_kWh":3949658.0,"2030__floor_area_m2":351090.0,"2030__GHG_kgCO2eq":75850.2,"2030__population":8735.7,"2030__n_buildings":798,"2050_L__E_cooling_kWh":4246241.7,"2050_L__floor_area_m2":351090.0,"2050_L__GHG_kgCO2eq":24266.9,"2050_L__population":8735.7,"2050_L__n_buildings":798,"2050_M__E_cooling_kWh":4991361.0,"2050_M__floor_area_m2":351090.0,"2050_M__GHG_kgCO2eq":38578.8,"2050_M__population":8735.7,"2050_M__n_buildings":798,"2050_H__E_cooling_kWh":7261149.5,"2050_H__floor_area_m2":351090.0,"2050_H__GHG_kgCO2eq":264502.0,"2050_H__population":8735.7,"2050_H__n_buildings":798},"geometry":{"type":"Polygon","coordinates":[[[4.27379,52.04334],[4.27973,52.04046],[4.28002,52.04023],[4.27963,52.03971],[4.27455,52.03691],[4.27342,52.03666],[4.2736,52.03641],[4.27266,52.03592],[4.27297,52.03552],[4.27266,52.03592],[4.26774,52.03325],[4.26715,52.03324],[4.25913,52.02957],[4.25505,52.03365],[4.25727,52.03459],[4.27379,52.04334]]]}},{"type":"Feature","properties":{"buurtcode":"BU05183399","buurtnaam":"De Uithof","SQ__E_cooling_kWh":1146500.9,"SQ__floor_area_m2":97511.0,"SQ__GHG_kgCO2eq":17491.4,"SQ__population":1752.7,"SQ__n_buildings":309,"2030__E_cooling_kWh":1469138.1,"2030__floor_area_m2":97511.0,"2030__GHG_kgCO2eq":27094.5,"2030__population":1752.7,"2030__n_buildings":309,"2050_L__E_cooling_kWh":1339456.8,"2050_L__floor_area_m2":97511.0,"2050_L__GHG_kgCO2eq":6600.6,"2050_L__population":1752.7,"2050_L__n_buildings":309,"2050_M__E_cooling_kWh":1631355.6,"2050_M__floor_area_m2":97511.0,"2050_M__GHG_kgCO2eq":11354.4,"2050_M__population":1752.7,"2050_M__n_buildings":309,"2050_H__E_cooling_kWh":2324539.6,"2050_H__floor_area_m2":97511.0,"2050_H__GHG_kgCO2eq":83964.5,"2050_H__population":1752.7,"2050_H__n_buildings":309},"geometry":{"type":"Polygon","coordinates":[[[4.23954,52.04219],[4.24679,52.03962],[4.25076,52.03775],[4.25913,52.02957],[4.2562,52.02827],[4.25507,52.02837],[4.24822,52.02523],[4.24502,52.02857],[4.24369,52.02937],[4.23505,52.03926],[4.2351,52.03963],[4.23711,52.04105],[4.23954,52.04219]]]}},{"type":"Feature","properties":{"buurtcode":"BU05183480","buurtnaam":"Morgenstond-Zuid","SQ__E_cooling_kWh":6485225.5,"SQ__floor_area_m2":258482.0,"SQ__GHG_kgCO2eq":268663.5,"SQ__population":9334.9,"SQ__n_buildings":400,"2030__E_cooling_kWh":6833982.5,"2030__floor_area_m2":258482.0,"2030__GHG_kgCO2eq":194933.8,"2030__population":9207.2,"2030__n_buildings":400,"2050_L__E_cooling_kWh":6968069.5,"2050_L__floor_area_m2":258482.0,"2050_L__GHG_kgCO2eq":39570.1,"2050_L__population":9207.2,"2050_L__n_buildings":400,"2050_M__E_cooling_kWh":7662079.3,"2050_M__floor_area_m2":258482.0,"2050_M__GHG_kgCO2eq":59944.6,"2050_M__population":9207.2,"2050_M__n_buildings":400,"2050_H__E_cooling_kWh":9429561.2,"2050_H__floor_area_m2":258482.0,"2050_H__GHG_kgCO2eq":308677.4,"2050_H__population":9207.2,"2050_H__n_buildings":400},"geometry":{"type":"Polygon","coordinates":[[[4.28368,52.04872],[4.28883,52.04523],[4.28809,52.04479],[4.2886,52.04437],[4.28442,52.04212],[4.28416,52.04236],[4.28411,52.04203],[4.28051,52.04027],[4.28032,52.04039],[4.28002,52.04023],[4.27368,52.04341],[4.27932,52.04618],[4.28368,52.04872]]]}},{"type":"Feature","properties":{"buurtcode":"BU05183488","buurtnaam":"Morgenstond-West","SQ__E_cooling_kWh":4019306.8,"SQ__floor_area_m2":264892.0,"SQ__GHG_kgCO2eq":60937.0,"SQ__population":6227.0,"SQ__n_buildings":590,"2030__E_cooling_kWh":4201557.7,"2030__floor_area_m2":264892.0,"2030__GHG_kgCO2eq":74753.4,"2030__population":6227.0,"2030__n_buildings":590,"2050_L__E_cooling_kWh":4209025.6,"2050_L__floor_area_m2":264892.0,"2050_L__GHG_kgCO2eq":20646.6,"2050_L__population":6227.0,"2050_L__n_buildings":590,"2050_M__E_cooling_kWh":4833396.1,"2050_M__floor_area_m2":264892.0,"2050_M__GHG_kgCO2eq":33971.1,"2050_M__population":6227.0,"2050_M__n_buildings":590,"2050_H__E_cooling_kWh":6573373.5,"2050_H__floor_area_m2":264892.0,"2050_H__GHG_kgCO2eq":236259.1,"2050_H__population":6227.0,"2050_H__n_buildings":590},"geometry":{"type":"Polygon","coordinates":[[[4.26917,52.05446],[4.2733,52.051],[4.27279,52.05077],[4.27381,52.04992],[4.2741,52.04995],[4.2775,52.04726],[4.27776,52.04736],[4.27929,52.04619],[4.27368,52.04341],[4.26364,52.0504],[4.26315,52.05026],[4.26167,52.05131],[4.26209,52.05158],[4.26243,52.05136],[4.26743,52.05341],[4.26917,52.05446]]]}},{"type":"Feature","properties":{"buurtcode":"BU05183489","buurtnaam":"Morgenstond-Oost","SQ__E_cooling_kWh":2089143.6,"SQ__floor_area_m2":215294.0,"SQ__GHG_kgCO2eq":33749.6,"SQ__population":6593.3,"SQ__n_buildings":467,"2030__E_cooling_kWh":2296876.1,"2030__floor_area_m2":215294.0,"2030__GHG_kgCO2eq":44862.3,"2030__population":6592.8,"2030__n_buildings":467,"2050_L__E_cooling_kWh":2523196.9,"2050_L__floor_area_m2":215294.0,"2050_L__GHG_kgCO2eq":16171.4,"2050_L__population":6592.8,"2050_L__n_buildings":467,"2050_M__E_cooling_kWh":3106331.0,"2050_M__floor_area_m2":215294.0,"2050_M__GHG_kgCO2eq":25171.7,"2050_M__population":6592.8,"2050_M__n_buildings":467,"2050_H__E_cooling_kWh":4483069.2,"2050_H__floor_area_m2":215294.0,"2050_H__GHG_kgCO2eq":164521.0,"2050_H__population":6592.8,"2050_H__n_buildings":467},"geometry":{"type":"Polygon","coordinates":[[[4.27484,52.05721],[4.27673,52.05525],[4.27731,52.05541],[4.28096,52.05285],[4.28063,52.05249],[4.28148,52.05168],[4.28229,52.05193],[4.28562,52.04961],[4.28418,52.04903],[4.27931,52.04617],[4.27776,52.04736],[4.2775,52.04726],[4.2741,52.04995],[4.27381,52.04992],[4.27279,52.05077],[4.2733,52.051],[4.26957,52.0541],[4.27484,52.05721]]]}},{"type":"Feature","properties":{"buurtcode":"BU05183536","buurtnaam":"Zuiderpark","SQ__E_cooling_kWh":154601.9,"SQ__floor_area_m2":7615.0,"SQ__GHG_kgCO2eq":5458.6,"SQ__population":277.4,"SQ__n_buildings":2,"2030__E_cooling_kWh":159416.2,"2030__floor_area_m2":7615.0,"2030__GHG_kgCO2eq":5236.7,"2030__population":274.1,"2030__n_buildings":2,"2050_L__E_cooling_kWh":163980.5,"2050_L__floor_area_m2":7615.0,"2050_L__GHG_kgCO2eq":939.6,"2050_L__population":274.1,"2050_L__n_buildings":2,"2050_M__E_cooling_kWh":174211.1,"2050_M__floor_area_m2":7615.0,"2050_M__GHG_kgCO2eq":1504.4,"2050_M__population":274.1,"2050_M__n_buildings":2,"2050_H__E_cooling_kWh":242977.5,"2050_H__floor_area_m2":7615.0,"2050_H__GHG_kgCO2eq":8929.6,"2050_H__population":274.1,"2050_H__n_buildings":2},"geometry":{"type":"Polygon","coordinates":[[[4.28341,52.06152],[4.28469,52.0614],[4.29213,52.05956],[4.29163,52.05853],[4.29254,52.05858],[4.29593,52.05451],[4.29274,52.05344],[4.28562,52.04961],[4.28229,52.05193],[4.28148,52.05168],[4.28063,52.05249],[4.28096,52.05285],[4.27731,52.05541],[4.27673,52.05525],[4.27484,52.05721],[4.28154,52.06086],[4.28152,52.06135],[4.28341,52.06152]]]}},{"type":"Feature","properties":{"buurtcode":"BU05183620","buurtnaam":"Moerwijk-Oost","SQ__E_cooling_kWh":1656550.0,"SQ__floor_area_m2":112792.0,"SQ__GHG_kgCO2eq":24638.4,"SQ__population":3364.7,"SQ__n_buildings":260,"2030__E_cooling_kWh":1737616.5,"2030__floor_area_m2":112792.0,"2030__GHG_kgCO2eq":30732.5,"2030__population":3364.7,"2030__n_buildings":260,"2050_L__E_cooling_kWh":1687304.2,"2050_L__floor_area_m2":112792.0,"2050_L__GHG_kgCO2eq":8857.5,"2050_L__population":3364.7,"2050_L__n_buildings":260,"2050_M__E_cooling_kWh":1972668.4,"2050_M__floor_area_m2":112792.0,"2050_M__GHG_kgCO2eq":14167.5,"2050_M__population":3364.7,"2050_M__n_buildings":260,"2050_H__E_cooling_kWh":2831636.3,"2050_H__floor_area_m2":112792.0,"2050_H__GHG_kgCO2eq":100737.6,"2050_H__population":3364.7,"2050_H__n_buildings":260},"geometry":{"type":"Polygon","coordinates":[[[4.30755,52.05549],[4.30828,52.0552],[4.30837,52.05199],[4.30981,52.04857],[4.30915,52.0483],[4.30893,52.04853],[4.30697,52.04783],[4.30715,52.04762],[4.30384,52.04649],[4.3,52.04961],[4.29855,52.0503],[4.29873,52.05086],[4.30009,52.05112],[4.30693,52.05479],[4.30755,52.05549]]]}},{"type":"Feature","properties":{"buurtcode":"BU05183637","buurtnaam":"Moerwijk-West","SQ__E_cooling_kWh":2113895.3,"SQ__floor_area_m2":212299.0,"SQ__GHG_kgCO2eq":34357.0,"SQ__population":6574.9,"SQ__n_buildings":548,"2030__E_cooling_kWh":2272136.0,"2030__floor_area_m2":212299.0,"2030__GHG_kgCO2eq":43128.9,"2030__population":6573.9,"2030__n_buildings":548,"2050_L__E_cooling_kWh":2428233.2,"2050_L__floor_area_m2":212299.0,"2050_L__GHG_kgCO2eq":14201.7,"2050_L__population":6573.9,"2050_L__n_buildings":548,"2050_M__E_cooling_kWh":2848694.2,"2050_M__floor_area_m2":212299.0,"2050_M__GHG_kgCO2eq":22326.9,"2050_M__population":6573.9,"2050_M__n_buildings":548,"2050_H__E_cooling_kWh":4491532.1,"2050_H__floor_area_m2":212299.0,"2050_H__GHG_kgCO2eq":160514.3,"2050_H__population":6573.9,"2050_H__n_buildings":548},"geometry":{"type":"Polygon","coordinates":[[[4.29589,52.05444],[4.29866,52.05102],[4.29859,52.05034],[4.29021,52.04585],[4.28861,52.04539],[4.28365,52.04874],[4.28626,52.04989],[4.29292,52.05352],[4.29589,52.05444]]]}},{"type":"Feature","properties":{"buurtcode":"BU05183638","buurtnaam":"Moerwijk-Noord","SQ__E_cooling_kWh":1717414.6,"SQ__floor_area_m2":221400.0,"SQ__GHG_kgCO2eq":30662.0,"SQ__population":6013.9,"SQ__n_buildings":531,"2030__E_cooling_kWh":1932551.4,"2030__floor_area_m2":221400.0,"2030__GHG_kgCO2eq":39576.5,"2030__population":6013.9,"2030__n_buildings":531,"2050_L__E_cooling_kWh":2220399.5,"2050_L__floor_area_m2":221400.0,"2050_L__GHG_kgCO2eq":14124.6,"2050_L__population":6013.9,"2050_L__n_buildings":531,"2050_M__E_cooling_kWh":2737633.0,"2050_M__floor_area_m2":221400.0,"2050_M__GHG_kgCO2eq":22465.4,"2050_M__population":6013.9,"2050_M__n_buildings":531,"2050_H__E_cooling_kWh":4211447.1,"2050_H__floor_area_m2":221400.0,"2050_H__GHG_kgCO2eq":154508.6,"2050_H__population":6013.9,"2050_H__n_buildings":531},"geometry":{"type":"Polygon","coordinates":[[[4.29218,52.05949],[4.29346,52.05897],[4.30407,52.05642],[4.30577,52.05665],[4.30714,52.05762],[4.30833,52.05819],[4.30889,52.0582],[4.30828,52.0552],[4.3075,52.05551],[4.30693,52.05479],[4.30009,52.05112],[4.29873,52.05086],[4.29292,52.05821],[4.29254,52.05858],[4.29163,52.05853],[4.29218,52.05949]]]}},{"type":"Feature","properties":{"buurtcode":"BU05183639","buurtnaam":"Moerwijk-Zuid","SQ__E_cooling_kWh":1834981.1,"SQ__floor_area_m2":133977.0,"SQ__GHG_kgCO2eq":28097.1,"SQ__population":4289.3,"SQ__n_buildings":455,"2030__E_cooling_kWh":1937002.4,"2030__floor_area_m2":133977.0,"2030__GHG_kgCO2eq":34918.8,"2030__population":4289.3,"2030__n_buildings":455,"2050_L__E_cooling_kWh":1918062.4,"2050_L__floor_area_m2":133977.0,"2050_L__GHG_kgCO2eq":10137.1,"2050_L__population":4289.3,"2050_L__n_buildings":455,"2050_M__E_cooling_kWh":2209334.7,"2050_M__floor_area_m2":133977.0,"2050_M__GHG_kgCO2eq":16242.8,"2050_M__population":4289.3,"2050_M__n_buildings":455,"2050_H__E_cooling_kWh":3336008.7,"2050_H__floor_area_m2":133977.0,"2050_H__GHG_kgCO2eq":118760.4,"2050_H__population":4289.3,"2050_H__n_buildings":455},"geometry":{"type":"Polygon","coordinates":[[[4.29855,52.0503],[4.30006,52.04957],[4.30323,52.04696],[4.29837,52.04556],[4.29874,52.04501],[4.29725,52.04457],[4.29759,52.04407],[4.29671,52.04371],[4.29345,52.04306],[4.29387,52.04254],[4.29095,52.04157],[4.28897,52.04453],[4.2886,52.04437],[4.28809,52.04479],[4.28883,52.04523],[4.28861,52.04539],[4.29021,52.04585],[4.29855,52.0503]]]}},{"type":"Feature","properties":{"buurtcode":"BU05183721","buurtnaam":"Groente- en Fruitmarkt","SQ__E_cooling_kWh":1336771.4,"SQ__floor_area_m2":130982.0,"SQ__GHG_kgCO2eq":26138.9,"SQ__population":2933.9,"SQ__n_buildings":373,"2030__E_cooling_kWh":1503578.5,"2030__floor_area_m2":130982.0,"2030__GHG_kgCO2eq":32696.7,"2030__population":2928.3,"2030__n_buildings":373,"2050_L__E_cooling_kWh":1515005.6,"2050_L__floor_area_m2":130982.0,"2050_L__GHG_kgCO2eq":8742.6,"2050_L__population":2928.3,"2050_L__n_buildings":373,"2050_M__E_cooling_kWh":1826535.9,"2050_M__floor_area_m2":130982.0,"2050_M__GHG_kgCO2eq":14375.3,"2050_M__population":2928.3,"2050_M__n_buildings":373,"2050_H__E_cooling_kWh":2741244.3,"2050_H__floor_area_m2":130982.0,"2050_H__GHG_kgCO2eq":100378.9,"2050_H__population":2928.3,"2050_H__n_buildings":373},"geometry":{"type":"Polygon","coordinates":[[[4.30113,52.06282],[4.30382,52.06158],[4.30626,52.06111],[4.30863,52.06111],[4.31099,52.06235],[4.31145,52.06217],[4.31005,52.05994],[4.30973,52.05845],[4.30901,52.0585],[4.30889,52.0582],[4.30833,52.05819],[4.30567,52.05661],[4.30407,52.05642],[4.29346,52.05897],[4.29218,52.05949],[4.29215,52.0598],[4.29347,52.0602],[4.29731,52.06099],[4.30113,52.06282]]]}},{"type":"Feature","properties":{"buurtcode":"BU05183819","buurtnaam":"Laakhaven-Oost","SQ__E_cooling_kWh":12169296.2,"SQ__floor_area_m2":270245.0,"SQ__GHG_kgCO2eq":566030.4,"SQ__population":12345.2,"SQ__n_buildings":187,"2030__E_cooling_kWh":12319065.1,"2030__floor_area_m2":270245.0,"2030__GHG_kgCO2eq":356977.4,"2030__population":12082.6,"2030__n_buildings":187,"2050_L__E_cooling_kWh":12230331.7,"2050_L__floor_area_m2":270245.0,"2050_L__GHG_kgCO2eq":66086.5,"2050_L__population":12082.6,"2050_L__n_buildings":187,"2050_M__E_cooling_kWh":12819848.7,"2050_M__floor_area_m2":270245.0,"2050_M__GHG_kgCO2eq":97879.9,"2050_M__population":12082.6,"2050_M__n_buildings":187,"2050_H__E_cooling_kWh":15004023.2,"2050_H__floor_area_m2":270245.0,"2050_H__GHG_kgCO2eq":467455.2,"2050_H__population":12082.6,"2050_H__n_buildings":187},"geometry":{"type":"Polygon","coordinates":[[[4.32617,52.07165],[4.33107,52.06925],[4.33258,52.06809],[4.32694,52.06579],[4.32501,52.06458],[4.32462,52.06398],[4.32399,52.06381],[4.32321,52.0647],[4.32221,52.06482],[4.32265,52.06515],[4.32018,52.06708],[4.32065,52.06729],[4.32042,52.06749],[4.32134,52.06789],[4.3211,52.06809],[4.32571,52.0701],[4.32511,52.07078],[4.32546,52.07095],[4.32512,52.07133],[4.32617,52.07165]]]}},{"type":"Feature","properties":{"buurtcode":"BU05183822","buurtnaam":"Laakhaven-West","SQ__E_cooling_kWh":12493083.0,"SQ__floor_area_m2":421421.0,"SQ__GHG_kgCO2eq":280631.0,"SQ__population":9778.6,"SQ__n_buildings":157,"2030__E_cooling_kWh":12822001.5,"2030__floor_area_m2":421421.0,"2030__GHG_kgCO2eq":266387.2,"2030__population":9685.4,"2030__n_buildings":157,"2050_L__E_cooling_kWh":12551146.1,"2050_L__floor_area_m2":421421.0,"2050_L__GHG_kgCO2eq":54126.4,"2050_L__population":9685.4,"2050_L__n_buildings":157,"2050_M__E_cooling_kWh":13493745.9,"2050_M__floor_area_m2":421421.0,"2050_M__GHG_kgCO2eq":90399.7,"2050_M__population":9685.4,"2050_M__n_buildings":157,"2050_H__E_cooling_kWh":15728162.3,"2050_H__floor_area_m2":421421.0,"2050_H__GHG_kgCO2eq":546653.9,"2050_H__population":9685.4,"2050_H__n_buildings":157},"geometry":{"type":"Polygon","coordinates":[[[4.32134,52.06789],[4.32042,52.06749],[4.32065,52.06729],[4.32018,52.06708],[4.32265,52.06515],[4.32221,52.06482],[4.32321,52.0647],[4.32421,52.06369],[4.31999,52.06097],[4.31194,52.05707],[4.31172,52.05612],[4.31083,52.05604],[4.30835,52.05634],[4.30901,52.0585],[4.30973,52.05845],[4.30991,52.05963],[4.3112,52.06186],[4.31412,52.06472],[4.3159,52.06606],[4.31623,52.06593],[4.3211,52.06809],[4.32134,52.06789]]]}},{"type":"Feature","properties":{"buurtcode":"BU05183823","buurtnaam":"Spoorwijk","SQ__E_cooling_kWh":1352378.1,"SQ__floor_area_m2":86152.0,"SQ__GHG_kgCO2eq":18830.4,"SQ__population":1963.8,"SQ__n_buildings":536,"2030__E_cooling_kWh":1458402.2,"2030__floor_area_m2":86152.0,"2030__GHG_kgCO2eq":24477.7,"2030__population":1963.8,"2030__n_buildings":536,"2050_L__E_cooling_kWh":1582694.9,"2050_L__floor_area_m2":86152.0,"2050_L__GHG_kgCO2eq":7098.9,"2050_L__population":1963.8,"2050_L__n_buildings":536,"2050_M__E_cooling_kWh":1685888.5,"2050_M__floor_area_m2":86152.0,"2050_M__GHG_kgCO2eq":11336.0,"2050_M__population":1963.8,"2050_M__n_buildings":536,"2050_H__E_cooling_kWh":2323544.7,"2050_H__floor_area_m2":86152.0,"2050_H__GHG_kgCO2eq":80722.2,"2050_H__population":1963.8,"2050_H__n_buildings":536},"geometry":{"type":"Polygon","coordinates":[[[4.30835,52.05634],[4.31083,52.05604],[4.31134,52.05617],[4.31178,52.05596],[4.3127,52.05628],[4.31373,52.0561],[4.31361,52.05583],[4.31547,52.05394],[4.31506,52.05359],[4.31535,52.05208],[4.31645,52.05087],[4.31304,52.05012],[4.31215,52.04971],[4.31227,52.04957],[4.30981,52.04857],[4.30873,52.05075],[4.30816,52.0534],[4.30835,52.05634]]]}},{"type":"Feature","properties":{"buurtcode":"BU05183824","buurtnaam":"Laakkwartier-West","SQ__E_cooling_kWh":1897094.3,"SQ__floor_area_m2":246180.0,"SQ__GHG_kgCO2eq":30253.2,"SQ__population":6502.3,"SQ__n_buildings":853,"2030__E_cooling_kWh":2171060.0,"2030__floor_area_m2":246180.0,"2030__GHG_kgCO2eq":41340.4,"2030__population":6502.3,"2030__n_buildings":853,"2050_L__E_cooling_kWh":2607886.3,"2050_L__floor_area_m2":246180.0,"2050_L__GHG_kgCO2eq":15950.7,"2050_L__population":6502.3,"2050_L__n_buildings":853,"2050_M__E_cooling_kWh":3139407.5,"2050_M__floor_area_m2":246180.0,"2050_M__GHG_kgCO2eq":24807.4,"2050_M__population":6502.3,"2050_M__n_buildings":853,"2050_H__E_cooling_kWh":4677467.0,"2050_H__floor_area_m2":246180.0,"2050_H__GHG_kgCO2eq":167387.2,"2050_H__population":6502.3,"2050_H__n_buildings":853},"geometry":{"type":"Polygon","coordinates":[[[4.31927,52.0606],[4.32115,52.05863],[4.32092,52.0585],[4.32125,52.05815],[4.32155,52.0582],[4.32412,52.05565],[4.32135,52.05462],[4.32215,52.05371],[4.32168,52.05331],[4.32191,52.05305],[4.31988,52.05199],[4.31645,52.05087],[4.31535,52.05208],[4.31506,52.05359],[4.31547,52.05394],[4.31361,52.05583],[4.31373,52.0561],[4.3127,52.05628],[4.31178,52.05596],[4.31191,52.05696],[4.31927,52.0606]]]}},{"type":"Feature","properties":{"buurtcode":"BU05183825","buurtnaam":"Laakkwartier-Oost","SQ__E_cooling_kWh":2562809.0,"SQ__floor_area_m2":367216.0,"SQ__GHG_kgCO2eq":41319.2,"SQ__population":9881.2,"SQ__n_buildings":1005,"2030__E_cooling_kWh":2961904.0,"2030__floor_area_m2":367216.0,"2030__GHG_kgCO2eq":56996.6,"2030__population":9881.2,"2030__n_buildings":1005,"2050_L__E_cooling_kWh":3736719.3,"2050_L__floor_area_m2":367216.0,"2050_L__GHG_kgCO2eq":23113.5,"2050_L__population":9881.2,"2050_L__n_buildings":1005,"2050_M__E_cooling_kWh":4524470.9,"2050_M__floor_area_m2":367216.0,"2050_M__GHG_kgCO2eq":35842.0,"2050_M__population":9881.2,"2050_M__n_buildings":1005,"2050_H__E_cooling_kWh":6578472.9,"2050_H__floor_area_m2":367216.0,"2050_H__GHG_kgCO2eq":236100.0,"2050_H__population":9881.2,"2050_H__n_buildings":1005},"geometry":{"type":"Polygon","coordinates":[[[4.32898,52.06657],[4.32959,52.06526],[4.32904,52.06492],[4.32926,52.06477],[4.32826,52.0637],[4.32774,52.06112],[4.32824,52.06092],[4.32826,52.06057],[4.33104,52.05985],[4.33489,52.05952],[4.32871,52.05656],[4.32764,52.05694],[4.32763,52.05645],[4.32481,52.05529],[4.32432,52.05571],[4.32395,52.05565],[4.32155,52.0582],[4.32125,52.05815],[4.32092,52.0585],[4.32115,52.05863],[4.31922,52.06064],[4.32335,52.06298],[4.32609,52.06532],[4.32898,52.06657]]]}},{"type":"Feature","properties":{"buurtcode":"BU05183826","buurtnaam":"Noordpolderbuurt","SQ__E_cooling_kWh":2479239.1,"SQ__floor_area_m2":277877.0,"SQ__GHG_kgCO2eq":38952.4,"SQ__population":7493.3,"SQ__n_buildings":666,"2030__E_cooling_kWh":2759614.2,"2030__floor_area_m2":277877.0,"2030__GHG_kgCO2eq":51552.8,"2030__population":7493.3,"2030__n_buildings":666,"2050_L__E_cooling_kWh":3178730.1,"2050_L__floor_area_m2":277877.0,"2050_L__GHG_kgCO2eq":18106.7,"2050_L__population":7493.3,"2050_L__n_buildings":666,"2050_M__E_cooling_kWh":3557568.7,"2050_M__floor_area_m2":277877.0,"2050_M__GHG_kgCO2eq":27551.5,"2050_M__population":7493.3,"2050_M__n_buildings":666,"2050_H__E_cooling_kWh":5466750.1,"2050_H__floor_area_m2":277877.0,"2050_H__GHG_kgCO2eq":195222.6,"2050_H__population":7493.3,"2050_H__n_buildings":666},"geometry":{"type":"Polygon","coordinates":[[[4.33258,52.06809],[4.34031,52.06195],[4.33489,52.05952],[4.33104,52.05985],[4.32826,52.06057],[4.32824,52.06092],[4.32772,52.06119],[4.32798,52.06129],[4.32826,52.0637],[4.32926,52.06477],[4.32904,52.06492],[4.32959,52.06526],[4.32897,52.0666],[4.33258,52.06809]]]}},{"type":"Feature","properties":{"buurtcode":"BU05183960","buurtnaam":"Binckhorst","SQ__E_cooling_kWh":17330226.8,"SQ__floor_area_m2":269851.0,"SQ__GHG_kgCO2eq":747660.6,"SQ__population":12819.4,"SQ__n_buildings":111,"2030__E_cooling_kWh":17384499.0,"2030__floor_area_m2":269851.0,"2030__GHG_kgCO2eq":597864.0,"2030__population":12420.7,"2030__n_buildings":111,"2050_L__E_cooling_kWh":17244910.9,"2050_L__floor_area_m2":269851.0,"2050_L__GHG_kgCO2eq":94884.7,"2050_L__population":12420.7,"2050_L__n_buildings":111,"2050_M__E_cooling_kWh":18073676.0,"2050_M__floor_area_m2":269851.0,"2050_M__GHG_kgCO2eq":146319.7,"2050_M__population":12420.7,"2050_M__n_buildings":111,"2050_H__E_cooling_kWh":19568575.8,"2050_H__floor_area_m2":269851.0,"2050_H__GHG_kgCO2eq":642441.5,"2050_H__population":12420.7,"2050_H__n_buildings":111},"geometry":{"type":"Polygon","coordinates":[[[4.33448,52.07529],[4.34007,52.07334],[4.34058,52.07349],[4.34094,52.07305],[4.35552,52.06804],[4.35299,52.06691],[4.34651,52.06318],[4.34188,52.06098],[4.34015,52.06206],[4.3311,52.06924],[4.32617,52.07165],[4.32646,52.07212],[4.32797,52.07277],[4.32822,52.07256],[4.33077,52.07387],[4.33114,52.07378],[4.33448,52.07529]]]}},{"type":"Feature","properties":{"buurtcode":"BU05184001","buurtnaam":"Erasmus Veld","SQ__E_cooling_kWh":3190535.3,"SQ__floor_area_m2":164057.0,"SQ__GHG_kgCO2eq":45436.3,"SQ__population":2828.1,"SQ__n_buildings":730,"2030__E_cooling_kWh":3295713.2,"2030__floor_area_m2":164057.0,"2030__GHG_kgCO2eq":55301.1,"2030__population":2828.1,"2030__n_buildings":730,"2050_L__E_cooling_kWh":3109570.0,"2050_L__floor_area_m2":164057.0,"2050_L__GHG_kgCO2eq":13517.1,"2050_L__population":2828.1,"2050_L__n_buildings":730,"2050_M__E_cooling_kWh":3546893.3,"2050_M__floor_area_m2":164057.0,"2050_M__GHG_kgCO2eq":22875.0,"2050_M__population":2828.1,"2050_M__n_buildings":730,"2050_H__E_cooling_kWh":4637997.2,"2050_H__floor_area_m2":164057.0,"2050_H__GHG_kgCO2eq":162899.3,"2050_H__population":2828.1,"2050_H__n_buildings":730},"geometry":{"type":"Polygon","coordinates":[[[4.28897,52.04453],[4.29171,52.04038],[4.28883,52.0383],[4.28295,52.0351],[4.27927,52.03367],[4.27793,52.03247],[4.2759,52.03156],[4.27266,52.03592],[4.2736,52.03641],[4.27342,52.03666],[4.27455,52.03691],[4.27963,52.03971],[4.27967,52.04006],[4.28411,52.04203],[4.28416,52.04236],[4.28437,52.0421],[4.28897,52.04453]]]}},{"type":"Feature","properties":{"buurtcode":"BU05184002","buurtnaam":"Hoge Veld","SQ__E_cooling_kWh":6698179.8,"SQ__floor_area_m2":323980.0,"SQ__GHG_kgCO2eq":95335.2,"SQ__population":5093.3,"SQ__n_buildings":1470,"2030__E_cooling_kWh":6919389.3,"2030__floor_area_m2":323980.0,"2030__GHG_kgCO2eq":118003.5,"2030__population":5093.3,"2030__n_buildings":1470,"2050_L__E_cooling_kWh":6430577.4,"2050_L__floor_area_m2":323980.0,"2050_L__GHG_kgCO2eq":29936.7,"2050_L__population":5093.3,"2050_L__n_buildings":1470,"2050_M__E_cooling_kWh":7434258.2,"2050_M__floor_area_m2":323980.0,"2050_M__GHG_kgCO2eq":49737.7,"2050_M__population":5093.3,"2050_M__n_buildings":1470,"2050_H__E_cooling_kWh":9618174.2,"2050_H__floor_area_m2":323980.0,"2050_H__GHG_kgCO2eq":341701.2,"2050_H__population":5093.3,"2050_H__n_buildings":1470},"geometry":{"type":"Polygon","coordinates":[[[4.29176,52.04029],[4.29864,52.02971],[4.29789,52.02947],[4.29713,52.03007],[4.29473,52.02993],[4.29165,52.02919],[4.29017,52.02865],[4.28944,52.02808],[4.28741,52.02797],[4.28536,52.02745],[4.28566,52.0279],[4.28521,52.0281],[4.28177,52.02739],[4.2779,52.03247],[4.27898,52.03351],[4.28353,52.03539],[4.28916,52.0385],[4.29098,52.03998],[4.29176,52.04029]]]}},{"type":"Feature","properties":{"buurtcode":"BU05184003","buurtnaam":"Parkbuurt oosteinde","SQ__E_cooling_kWh":1333158.7,"SQ__floor_area_m2":98376.0,"SQ__GHG_kgCO2eq":21134.9,"SQ__population":1389.8,"SQ__n_buildings":557,"2030__E_cooling_kWh":1405439.9,"2030__floor_area_m2":98376.0,"2030__GHG_kgCO2eq":25774.4,"2030__population":1388.8,"2030__n_buildings":557,"2050_L__E_cooling_kWh":1366280.1,"2050_L__floor_area_m2":98376.0,"2050_L__GHG_kgCO2eq":7102.2,"2050_L__population":1388.8,"2050_L__n_buildings":557,"2050_M__E_cooling_kWh":1581364.1,"2050_M__floor_area_m2":98376.0,"2050_M__GHG_kgCO2eq":11550.0,"2050_M__population":1388.8,"2050_M__n_buildings":557,"2050_H__E_cooling_kWh":2308458.3,"2050_H__floor_area_m2":98376.0,"2050_H__GHG_kgCO2eq":82023.7,"2050_H__population":1388.8,"2050_H__n_buildings":557},"geometry":{"type":"Polygon","coordinates":[[[4.29713,52.03007],[4.29763,52.02984],[4.30093,52.02593],[4.30019,52.02568],[4.29937,52.02648],[4.29786,52.02623],[4.292,52.02427],[4.28874,52.02372],[4.287,52.02287],[4.28673,52.02298],[4.28825,52.02376],[4.28514,52.02562],[4.28565,52.02591],[4.28505,52.02627],[4.28588,52.02648],[4.28525,52.02742],[4.28347,52.0267],[4.2828,52.02763],[4.28532,52.02809],[4.28566,52.0279],[4.28536,52.02745],[4.28741,52.02797],[4.28944,52.02808],[4.29017,52.02865],[4.29315,52.02964],[4.29713,52.03007]]]}},{"type":"Feature","properties":{"buurtcode":"BU05184004","buurtnaam":"Lage Veld","SQ__E_cooling_kWh":1564023.3,"SQ__floor_area_m2":141602.0,"SQ__GHG_kgCO2eq":27879.6,"SQ__population":2615.0,"SQ__n_buildings":691,"2030__E_cooling_kWh":1664831.4,"2030__floor_area_m2":141602.0,"2030__GHG_kgCO2eq":33528.3,"2030__population":2615.0,"2030__n_buildings":691,"2050_L__E_cooling_kWh":1470833.0,"2050_L__floor_area_m2":141602.0,"2050_L__GHG_kgCO2eq":9630.2,"2050_L__population":2615.0,"2050_L__n_buildings":691,"2050_M__E_cooling_kWh":1917747.0,"2050_M__floor_area_m2":141602.0,"2050_M__GHG_kgCO2eq":15695.4,"2050_M__population":2615.0,"2050_M__n_buildings":691,"2050_H__E_cooling_kWh":3119439.7,"2050_H__floor_area_m2":141602.0,"2050_H__GHG_kgCO2eq":114931.8,"2050_H__population":2615.0,"2050_H__n_buildings":691},"geometry":{"type":"Polygon","coordinates":[[[4.29937,52.02648],[4.30019,52.02568],[4.30093,52.02593],[4.30419,52.02215],[4.30312,52.02255],[4.30242,52.02255],[4.29447,52.0197],[4.29434,52.01936],[4.287,52.02287],[4.28862,52.02368],[4.292,52.02427],[4.29741,52.02613],[4.29937,52.02648]]]}},{"type":"Feature","properties":{"buurtcode":"BU05184005","buurtnaam":"Zonne Veld","SQ__E_cooling_kWh":1097924.4,"SQ__floor_area_m2":90127.0,"SQ__GHG_kgCO2eq":17964.3,"SQ__population":1537.6,"SQ__n_buildings":596,"2030__E_cooling_kWh":1165287.7,"2030__floor_area_m2":90127.0,"2030__GHG_kgCO2eq":22195.9,"2030__population":1537.6,"2030__n_buildings":596,"2050_L__E_cooling_kWh":1025117.5,"2050_L__floor_area_m2":90127.0,"2050_L__GHG_kgCO2eq":6697.3,"2050_L__population":1537.6,"2050_L__n_buildings":596,"2050_M__E_cooling_kWh":1333863.8,"2050_M__floor_area_m2":90127.0,"2050_M__GHG_kgCO2eq":10679.1,"2050_M__population":1537.6,"2050_M__n_buildings":596,"2050_H__E_cooling_kWh":2115801.7,"2050_H__floor_area_m2":90127.0,"2050_H__GHG_kgCO2eq":76212.6,"2050_H__population":1537.6,"2050_H__n_buildings":596},"geometry":{"type":"Polygon","coordinates":[[[4.30287,52.02259],[4.30419,52.02215],[4.30764,52.01815],[4.306,52.01757],[4.30582,52.01773],[4.30266,52.01649],[4.30108,52.01787],[4.29861,52.01688],[4.29551,52.01485],[4.28974,52.01765],[4.29434,52.01936],[4.29447,52.0197],[4.29617,52.02036],[4.30287,52.02259]]]}},{"type":"Feature","properties":{"buurtcode":"BU05184106","buurtnaam":"Vlietzoom-West","SQ__E_cooling_kWh":1197158.9,"SQ__floor_area_m2":20008.0,"SQ__GHG_kgCO2eq":53256.7,"SQ__population":1030.1,"SQ__n_buildings":35,"2030__E_cooling_kWh":1215079.3,"2030__floor_area_m2":20008.0,"2030__GHG_kgCO2eq":48202.3,"2030__population":988.5,"2030__n_buildings":35,"2050_L__E_cooling_kWh":1170787.9,"2050_L__floor_area_m2":20008.0,"2050_L__GHG_kgCO2eq":7055.2,"2050_L__population":988.5,"2050_L__n_buildings":35,"2050_M__E_cooling_kWh":1275096.6,"2050_M__floor_area_m2":20008.0,"2050_M__GHG_kgCO2eq":11168.3,"2050_M__population":988.5,"2050_M__n_buildings":35,"2050_H__E_cooling_kWh":1479408.8,"2050_H__floor_area_m2":20008.0,"2050_H__GHG_kgCO2eq":49774.7,"2050_H__population":988.5,"2050_H__n_buildings":35},"geometry":{"type":"Polygon","coordinates":[[[4.36382,52.06517],[4.37473,52.06138],[4.36257,52.05115],[4.35637,52.04689],[4.35431,52.04798],[4.35231,52.04818],[4.35216,52.04878],[4.35264,52.0491],[4.34452,52.05405],[4.34682,52.05579],[4.34704,52.05671],[4.34438,52.05926],[4.34188,52.06098],[4.3422,52.06113],[4.34467,52.0595],[4.348,52.0565],[4.35228,52.05939],[4.35332,52.05867],[4.35393,52.05902],[4.35757,52.05655],[4.35735,52.05625],[4.35838,52.05709],[4.35858,52.05695],[4.35923,52.05735],[4.35947,52.05718],[4.35982,52.05737],[4.35944,52.05763],[4.35997,52.05793],[4.35958,52.0582],[4.36012,52.0585],[4.36045,52.05827],[4.36083,52.05847],[4.35601,52.06157],[4.36231,52.06422],[4.36382,52.06517]]]}},{"type":"Feature","properties":{"buurtcode":"BU05184107","buurtnaam":"Vliegeniersbuurt","SQ__E_cooling_kWh":952617.4,"SQ__floor_area_m2":9969.0,"SQ__GHG_kgCO2eq":47696.2,"SQ__population":697.8,"SQ__n_buildings":7,"2030__E_cooling_kWh":962370.8,"2030__floor_area_m2":9969.0,"2030__GHG_kgCO2eq":35510.5,"2030__population":667.9,"2030__n_buildings":7,"2050_L__E_cooling_kWh":952184.7,"2050_L__floor_area_m2":9969.0,"2050_L__GHG_kgCO2eq":5553.2,"2050_L__population":667.9,"2050_L__n_buildings":7,"2050_M__E_cooling_kWh":1008780.2,"2050_M__floor_area_m2":9969.0,"2050_M__GHG_kgCO2eq":8380.9,"2050_M__population":667.9,"2050_M__n_buildings":7,"2050_H__E_cooling_kWh":1097802.8,"2050_H__floor_area_m2":9969.0,"2050_H__GHG_kgCO2eq":34323.8,"2050_H__population":667.9,"2050_H__n_buildings":7},"geometry":{"type":"Polygon","coordinates":[[[4.35183,52.04807],[4.35399,52.04806],[4.35499,52.04768],[4.3639,52.04273],[4.35537,52.03724],[4.35447,52.03558],[4.35454,52.03426],[4.35621,52.03218],[4.36176,52.02922],[4.36143,52.02863],[4.36243,52.02769],[4.35977,52.02655],[4.35885,52.02733],[4.35779,52.02686],[4.35759,52.02697],[4.35777,52.02788],[4.35483,52.03044],[4.35378,52.03068],[4.35041,52.03947],[4.34639,52.04289],[4.34692,52.04324],[4.34684,52.04357],[4.34606,52.04402],[4.34719,52.04582],[4.34858,52.04674],[4.34942,52.0469],[4.34951,52.04723],[4.35183,52.04807]]]}},{"type":"Feature","properties":{"buurtcode":"BU05184110","buurtnaam":"De Reef","SQ__E_cooling_kWh":3083040.9,"SQ__floor_area_m2":49131.0,"SQ__GHG_kgCO2eq":150719.6,"SQ__population":2410.2,"SQ__n_buildings":68,"2030__E_cooling_kWh":3122812.5,"2030__floor_area_m2":49131.0,"2030__GHG_kgCO2eq":92999.0,"2030__population":2332.1,"2030__n_buildings":68,"2050_L__E_cooling_kWh":3013841.9,"2050_L__floor_area_m2":49131.0,"2050_L__GHG_kgCO2eq":16749.1,"2050_L__population":2332.1,"2050_L__n_buildings":68,"2050_M__E_cooling_kWh":3227796.9,"2050_M__floor_area_m2":49131.0,"2050_M__GHG_kgCO2eq":24622.4,"2050_M__population":2332.1,"2050_M__n_buildings":68,"2050_H__E_cooling_kWh":3648418.2,"2050_H__floor_area_m2":49131.0,"2050_H__GHG_kgCO2eq":109636.5,"2050_H__population":2332.1,"2050_H__n_buildings":68},"geometry":{"type":"Polygon","coordinates":[[[4.37483,52.06135],[4.38937,52.05639],[4.38826,52.05511],[4.38406,52.05276],[4.37976,52.05273],[4.37938,52.05358],[4.37489,52.05657],[4.37371,52.05609],[4.3709,52.05809],[4.37483,52.06135]]]}},{"type":"Feature","properties":{"buurtcode":"BU05184208","buurtnaam":"Bosweide","SQ__E_cooling_kWh":649399.2,"SQ__floor_area_m2":62504.0,"SQ__GHG_kgCO2eq":10590.2,"SQ__population":791.9,"SQ__n_buildings":318,"2030__E_cooling_kWh":689979.4,"2030__floor_area_m2":62504.0,"2030__GHG_kgCO2eq":13060.5,"2030__population":791.9,"2030__n_buildings":318,"2050_L__E_cooling_kWh":598054.3,"2050_L__floor_area_m2":62504.0,"2050_L__GHG_kgCO2eq":3913.2,"2050_L__population":791.9,"2050_L__n_buildings":318,"2050_M__E_cooling_kWh":791202.9,"2050_M__floor_area_m2":62504.0,"2050_M__GHG_kgCO2eq":6241.6,"2050_M__population":791.9,"2050_M__n_buildings":318,"2050_H__E_cooling_kWh":1260633.3,"2050_H__floor_area_m2":62504.0,"2050_H__GHG_kgCO2eq":45205.5,"2050_H__population":791.9,"2050_H__n_buildings":318},"geometry":{"type":"Polygon","coordinates":[[[4.374,52.04875],[4.3729,52.04784],[4.3639,52.04273],[4.35637,52.04689],[4.36101,52.04994],[4.36608,52.05405],[4.374,52.04875]]]}},{"type":"Feature","properties":{"buurtcode":"BU05184211","buurtnaam":"De Venen","SQ__E_cooling_kWh":4803430.3,"SQ__floor_area_m2":98944.0,"SQ__GHG_kgCO2eq":204183.8,"SQ__population":3466.0,"SQ__n_buildings":192,"2030__E_cooling_kWh":4871764.3,"2030__floor_area_m2":98944.0,"2030__GHG_kgCO2eq":135705.3,"2030__population":3368.7,"2030__n_buildings":192,"2050_L__E_cooling_kWh":4689069.4,"2050_L__floor_area_m2":98944.0,"2050_L__GHG_kgCO2eq":25573.9,"2050_L__population":3368.7,"2050_L__n_buildings":192,"2050_M__E_cooling_kWh":5050542.6,"2050_M__floor_area_m2":98944.0,"2050_M__GHG_kgCO2eq":38261.1,"2050_M__population":3368.7,"2050_M__n_buildings":192,"2050_H__E_cooling_kWh":5777241.9,"2050_H__floor_area_m2":98944.0,"2050_H__GHG_kgCO2eq":182454.2,"2050_H__population":3368.7,"2050_H__n_buildings":192},"geometry":{"type":"Polygon","coordinates":[[[4.38937,52.05639],[4.39577,52.05441],[4.40136,52.05334],[4.39855,52.05122],[4.39444,52.05405],[4.39312,52.05284],[4.39259,52.05315],[4.39113,52.05195],[4.39144,52.05176],[4.38968,52.04996],[4.3879,52.05117],[4.3861,52.04997],[4.38411,52.05278],[4.38812,52.055],[4.38937,52.05639]]]}},{"type":"Feature","properties":{"buurtcode":"BU05184212","buurtnaam":"Morgenweide","SQ__E_cooling_kWh":3429739.5,"SQ__floor_area_m2":250554.0,"SQ__GHG_kgCO2eq":54192.8,"SQ__population":4215.0,"SQ__n_buildings":1171,"2030__E_cooling_kWh":3601873.6,"2030__floor_area_m2":250554.0,"2030__GHG_kgCO2eq":66537.1,"2030__population":4215.0,"2030__n_buildings":1171,"2050_L__E_cooling_kWh":3218342.6,"2050_L__floor_area_m2":250554.0,"2050_L__GHG_kgCO2eq":18975.4,"2050_L__population":4215.0,"2050_L__n_buildings":1171,"2050_M__E_cooling_kWh":4029137.6,"2050_M__floor_area_m2":250554.0,"2050_M__GHG_kgCO2eq":30550.7,"2050_M__population":4215.0,"2050_M__n_buildings":1171,"2050_H__E_cooling_kWh":5999903.9,"2050_H__floor_area_m2":250554.0,"2050_H__GHG_kgCO2eq":216159.6,"2050_H__population":4215.0,"2050_H__n_buildings":1171},"geometry":{"type":"Polygon","coordinates":[[[4.37973,52.05271],[4.38411,52.05278],[4.3861,52.04997],[4.37266,52.04093],[4.37202,52.04133],[4.3698,52.03982],[4.3639,52.04273],[4.3729,52.04784],[4.3772,52.05108],[4.37973,52.05271]]]}},{"type":"Feature","properties":{"buurtcode":"BU05184213","buurtnaam":"Singels","SQ__E_cooling_kWh":2467253.1,"SQ__floor_area_m2":168726.0,"SQ__GHG_kgCO2eq":37380.8,"SQ__population":2773.8,"SQ__n_buildings":876,"2030__E_cooling_kWh":2589863.3,"2030__floor_area_m2":168726.0,"2030__GHG_kgCO2eq":46104.7,"2030__population":2773.8,"2030__n_buildings":876,"2050_L__E_cooling_kWh":2333376.3,"2050_L__floor_area_m2":168726.0,"2050_L__GHG_kgCO2eq":12803.6,"2050_L__population":2773.8,"2050_L__n_buildings":876,"2050_M__E_cooling_kWh":2894243.1,"2050_M__floor_area_m2":168726.0,"2050_M__GHG_kgCO2eq":21197.2,"2050_M__population":2773.8,"2050_M__n_buildings":876,"2050_H__E_cooling_kWh":4293361.4,"2050_H__floor_area_m2":168726.0,"2050_H__GHG_kgCO2eq":151878.4,"2050_H__population":2773.8,"2050_H__n_buildings":876},"geometry":{"type":"Polygon","coordinates":[[[4.36398,52.04269],[4.3698,52.03982],[4.3678,52.03875],[4.35964,52.03329],[4.35762,52.03251],[4.35686,52.03174],[4.35538,52.03308],[4.35444,52.03448],[4.35446,52.03554],[4.35498,52.0368],[4.35576,52.03754],[4.36398,52.04269]]]}},{"type":"Feature","properties":{"buurtcode":"BU05184214","buurtnaam":"Waterbuurt","SQ__E_cooling_kWh":1762452.5,"SQ__floor_area_m2":136901.0,"SQ__GHG_kgCO2eq":28311.5,"SQ__population":2331.6,"SQ__n_buildings":970,"2030__E_cooling_kWh":1868234.8,"2030__floor_area_m2":136901.0,"2030__GHG_kgCO2eq":35015.8,"2030__population":2331.6,"2030__n_buildings":970,"2050_L__E_cooling_kWh":1632414.4,"2050_L__floor_area_m2":136901.0,"2050_L__GHG_kgCO2eq":10553.7,"2050_L__population":2331.6,"2050_L__n_buildings":970,"2050_M__E_cooling_kWh":2131651.6,"2050_M__floor_area_m2":136901.0,"2050_M__GHG_kgCO2eq":16736.6,"2050_M__population":2331.6,"2050_M__n_buildings":970,"2050_H__E_cooling_kWh":3345189.8,"2050_H__floor_area_m2":136901.0,"2050_H__GHG_kgCO2eq":119727.1,"2050_H__population":2331.6,"2050_H__n_buildings":970},"geometry":{"type":"Polygon","coordinates":[[[4.37202,52.04133],[4.37986,52.03595],[4.38118,52.03639],[4.38119,52.03596],[4.36243,52.02769],[4.36143,52.02863],[4.36176,52.02922],[4.35689,52.03172],[4.35707,52.03203],[4.35773,52.03257],[4.35964,52.03329],[4.37202,52.04133]]]}},{"type":"Feature","properties":{"buurtcode":"BU05184215","buurtnaam":"De Bras","SQ__E_cooling_kWh":2776045.0,"SQ__floor_area_m2":161511.0,"SQ__GHG_kgCO2eq":41590.2,"SQ__population":2474.3,"SQ__n_buildings":1103,"2030__E_cooling_kWh":2899902.3,"2030__floor_area_m2":161511.0,"2030__GHG_kgCO2eq":51230.8,"2030__population":2474.3,"2030__n_buildings":1103,"2050_L__E_cooling_kWh":2625438.4,"2050_L__floor_area_m2":161511.0,"2050_L__GHG_kgCO2eq":14498.3,"2050_L__population":2474.3,"2050_L__n_buildings":1103,"2050_M__E_cooling_kWh":3206817.8,"2050_M__floor_area_m2":161511.0,"2050_M__GHG_kgCO2eq":23130.8,"2050_M__population":2474.3,"2050_M__n_buildings":1103,"2050_H__E_cooling_kWh":4560180.0,"2050_H__floor_area_m2":161511.0,"2050_H__GHG_kgCO2eq":161280.5,"2050_H__population":2474.3,"2050_H__n_buildings":1103},"geometry":{"type":"Polygon","coordinates":[[[4.38746,52.03863],[4.39393,52.03295],[4.37974,52.02673],[4.3735,52.0326],[4.38119,52.03596],[4.38118,52.03639],[4.38613,52.03851],[4.38688,52.0384],[4.38746,52.03863]]]}},{"type":"Feature","properties":{"buurtcode":"BU05184316","buurtnaam":"Vlietzoom-Oost","SQ__E_cooling_kWh":53123.0,"SQ__floor_area_m2":2905.0,"SQ__GHG_kgCO2eq":1382.2,"SQ__population":47.4,"SQ__n_buildings":13,"2030__E_cooling_kWh":55902.2,"2030__floor_area_m2":2905.0,"2030__GHG_kgCO2eq":1443.3,"2030__population":46.4,"2030__n_buildings":13,"2050_L__E_cooling_kWh":54350.7,"2050_L__floor_area_m2":2905.0,"2050_L__GHG_kgCO2eq":305.4,"2050_L__population":46.4,"2050_L__n_buildings":13,"2050_M__E_cooling_kWh":62058.7,"2050_M__floor_area_m2":2905.0,"2050_M__GHG_kgCO2eq":485.5,"2050_M__population":46.4,"2050_M__n_buildings":13,"2050_H__E_cooling_kWh":83588.3,"2050_H__floor_area_m2":2905.0,"2050_H__GHG_kgCO2eq":2909.7,"2050_H__population":46.4,"2050_H__n_buildings":13},"geometry":{"type":"Polygon","coordinates":[[[4.38458,52.07623],[4.38865,52.07297],[4.39077,52.07385],[4.3906,52.07413],[4.39462,52.07591],[4.39571,52.07516],[4.39689,52.0749],[4.3972,52.07461],[4.38954,52.07168],[4.39,52.07146],[4.38373,52.0686],[4.38073,52.06653],[4.37473,52.06138],[4.36382,52.06517],[4.38,52.07475],[4.38458,52.07623]]]}},{"type":"Feature","properties":{"buurtcode":"BU05184317","buurtnaam":"De Rivieren","SQ__E_cooling_kWh":8488826.5,"SQ__floor_area_m2":80416.0,"SQ__GHG_kgCO2eq":406218.0,"SQ__population":5582.2,"SQ__n_buildings":28,"2030__E_cooling_kWh":8473094.8,"2030__floor_area_m2":80416.0,"2030__GHG_kgCO2eq":317620.1,"2030__population":5343.4,"2030__n_buildings":28,"2050_L__E_cooling_kWh":8520721.5,"2050_L__floor_area_m2":80416.0,"2050_L__GHG_kgCO2eq":47773.7,"2050_L__population":5343.4,"2050_L__n_buildings":28,"2050_M__E_cooling_kWh":8815384.5,"2050_M__floor_area_m2":80416.0,"2050_M__GHG_kgCO2eq":72825.7,"2050_M__population":5343.4,"2050_M__n_buildings":28,"2050_H__E_cooling_kWh":9256840.4,"2050_H__floor_area_m2":80416.0,"2050_H__GHG_kgCO2eq":293915.9,"2050_H__population":5343.4,"2050_H__n_buildings":28},"geometry":{"type":"Polygon","coordinates":[[[4.40392,52.07785],[4.40591,52.07657],[4.38782,52.06131],[4.39155,52.05869],[4.39525,52.05659],[4.39665,52.05613],[4.39565,52.05445],[4.37473,52.06138],[4.38073,52.06653],[4.38373,52.0686],[4.39,52.07146],[4.38954,52.07168],[4.3972,52.07461],[4.39709,52.07476],[4.40104,52.07633],[4.40139,52.07671],[4.40157,52.07658],[4.40392,52.07785]]]}},{"type":"Feature","properties":{"buurtcode":"BU05184418","buurtnaam":"De Lanen","SQ__E_cooling_kWh":2739815.6,"SQ__floor_area_m2":146833.0,"SQ__GHG_kgCO2eq":40454.8,"SQ__population":2432.1,"SQ__n_buildings":891,"2030__E_cooling_kWh":2851516.3,"2030__floor_area_m2":146833.0,"2030__GHG_kgCO2eq":49972.9,"2030__population":2432.1,"2030__n_buildings":891,"2050_L__E_cooling_kWh":2681495.2,"2050_L__floor_area_m2":146833.0,"2050_L__GHG_kgCO2eq":14111.1,"2050_L__population":2432.1,"2050_L__n_buildings":891,"2050_M__E_cooling_kWh":3127149.7,"2050_M__floor_area_m2":146833.0,"2050_M__GHG_kgCO2eq":22328.4,"2050_M__population":2432.1,"2050_M__n_buildings":891,"2050_H__E_cooling_kWh":4296974.1,"2050_H__floor_area_m2":146833.0,"2050_H__GHG_kgCO2eq":153065.1,"2050_H__population":2432.1,"2050_H__n_buildings":891},"geometry":{"type":"Polygon","coordinates":[[[4.40244,52.0632],[4.39938,52.05891],[4.39665,52.05613],[4.39525,52.05659],[4.39155,52.05869],[4.38782,52.06131],[4.39585,52.06788],[4.40244,52.0632]]]}},{"type":"Feature","properties":{"buurtcode":"BU05184419","buurtnaam":"De Velden","SQ__E_cooling_kWh":3977598.7,"SQ__floor_area_m2":149782.0,"SQ__GHG_kgCO2eq":149765.1,"SQ__population":3591.0,"SQ__n_buildings":678,"2030__E_cooling_kWh":4085517.4,"2030__floor_area_m2":149782.0,"2030__GHG_kgCO2eq":106331.7,"2030__population":3527.1,"2030__n_buildings":678,"2050_L__E_cooling_kWh":3842021.2,"2050_L__floor_area_m2":149782.0,"2050_L__GHG_kgCO2eq":22920.8,"2050_L__population":3527.1,"2050_L__n_buildings":678,"2050_M__E_cooling_kWh":4361890.5,"2050_M__floor_area_m2":149782.0,"2050_M__GHG_kgCO2eq":34453.9,"2050_M__population":3527.1,"2050_M__n_buildings":678,"2050_H__E_cooling_kWh":5582547.0,"2050_H__floor_area_m2":149782.0,"2050_H__GHG_kgCO2eq":185089.9,"2050_H__population":3527.1,"2050_H__n_buildings":678},"geometry":{"type":"Polygon","coordinates":[[[4.40607,52.07649],[4.41188,52.07213],[4.40481,52.06583],[4.40245,52.06319],[4.39585,52.06788],[4.40607,52.07649]]]}},{"type":"Feature","properties":{"buurtcode":"BU05184420","buurtnaam":"De Vissen","SQ__E_cooling_kWh":3403443.8,"SQ__floor_area_m2":265119.0,"SQ__GHG_kgCO2eq":55735.4,"SQ__population":4409.9,"SQ__n_buildings":1424,"2030__E_cooling_kWh":3595589.9,"2030__floor_area_m2":265119.0,"2030__GHG_kgCO2eq":68668.9,"2030__population":4409.9,"2030__n_buildings":1424,"2050_L__E_cooling_kWh":3217692.6,"2050_L__floor_area_m2":265119.0,"2050_L__GHG_kgCO2eq":20613.5,"2050_L__population":4409.9,"2050_L__n_buildings":1424,"2050_M__E_cooling_kWh":4075561.7,"2050_M__floor_area_m2":265119.0,"2050_M__GHG_kgCO2eq":32647.6,"2050_M__population":4409.9,"2050_M__n_buildings":1424,"2050_H__E_cooling_kWh":6291047.8,"2050_H__floor_area_m2":265119.0,"2050_H__GHG_kgCO2eq":228800.5,"2050_H__population":4409.9,"2050_H__n_buildings":1424},"geometry":{"type":"Polygon","coordinates":[[[4.41192,52.0721],[4.41715,52.06631],[4.42069,52.06346],[4.42083,52.06258],[4.4203,52.06219],[4.42249,52.05719],[4.41305,52.05759],[4.41109,52.05782],[4.40864,52.05841],[4.40704,52.05907],[4.40245,52.06319],[4.40481,52.06583],[4.41192,52.0721]]]}},{"type":"Feature","properties":{"buurtcode":"BU05184421","buurtnaam":"Rietbuurt","SQ__E_cooling_kWh":1520761.9,"SQ__floor_area_m2":69128.0,"SQ__GHG_kgCO2eq":21345.7,"SQ__population":1185.9,"SQ__n_buildings":421,"2030__E_cooling_kWh":1572209.1,"2030__floor_area_m2":69128.0,"2030__GHG_kgCO2eq":26199.6,"2030__population":1185.9,"2030__n_buildings":421,"2050_L__E_cooling_kWh":1460668.7,"2050_L__floor_area_m2":69128.0,"2050_L__GHG_kgCO2eq":6619.3,"2050_L__population":1185.9,"2050_L__n_buildings":421,"2050_M__E_cooling_kWh":1691871.5,"2050_M__floor_area_m2":69128.0,"2050_M__GHG_kgCO2eq":11017.5,"2050_M__population":1185.9,"2050_M__n_buildings":421,"2050_H__E_cooling_kWh":2204021.3,"2050_H__floor_area_m2":69128.0,"2050_H__GHG_kgCO2eq":76969.3,"2050_H__population":1185.9,"2050_H__n_buildings":421},"geometry":{"type":"Polygon","coordinates":[[[4.40245,52.06319],[4.40704,52.05907],[4.40864,52.05841],[4.41109,52.05782],[4.41539,52.05744],[4.41523,52.05701],[4.42207,52.05167],[4.40492,52.05299],[4.40188,52.05334],[4.40162,52.05354],[4.40136,52.05334],[4.39565,52.05445],[4.39627,52.05572],[4.39938,52.05891],[4.40245,52.06319]]]}}]}