{"meta":{"source":"thesis heat-balance model re-run on a stratified building sample, calibrated to published citywide E_cooling","scenario":"SQ","weather_years":"2021-2025","sample_buildings":3637,"validation":"per-building annual E_cooling reproduced to ~0.03% median error","units":{"diurnal":"mean cooling power, GW","monthly":"cooling energy, GWh"}},"hour_of_day":[0,1,2,3,4,5,6,7,8,9,10,11,12,13,14,15,16,17,18,19,20,21,22,23],"months":["Jan","Feb","Mar","Apr","May","Jun","Jul","Aug","Sep","Oct","Nov","Dec"],"seasons":["Summer","Spring","Autumn","Winter"],"uses":["office","residential"],"diurnal_by_season":{"Summer":{"office":[0.0,0.0,0.0,0.0,0.0,7e-05,0.00048,0.05829,0.07079,0.09194,0.09413,0.09493,0.09444,0.09342,0.09248,0.09047,0.08754,0.0659,0.06307,0.06104,0.05098,4e-05,2e-05,1e-05],"residential":[0.00751,0.00687,0.00629,0.00607,0.00701,0.01503,0.03526,0.21686,0.45348,0.26581,0.30386,0.32138,0.31592,0.29739,0.27735,0.24097,0.1897,0.36489,0.31223,0.2744,0.10771,0.0106,0.0097,0.00862],"total":[0.00751,0.00687,0.00629,0.00607,0.00701,0.0151,0.03574,0.27515,0.52427,0.35775,0.39799,0.41631,0.41036,0.39081,0.36983,0.33144,0.27724,0.43079,0.3753,0.33544,0.15869,0.01064,0.00972,0.00863]},"Spring":{"office":[0.0,0.0,0.0,0.0,0.0,0.0,1e-05,0.04547,0.05633,0.07536,0.07775,0.0785,0.07815,0.07742,0.07618,0.07412,0.07128,0.05211,0.05035,0.04944,0.0415,0.0,0.0,0.0],"residential":[0.00175,0.00171,0.0017,0.00168,0.00171,0.00217,0.00436,0.07017,0.19485,0.0645,0.08749,0.09556,0.09279,0.084,0.06988,0.0483,0.0283,0.13217,0.10796,0.09579,0.03807,0.00194,0.00186,0.00181],"total":[0.00175,0.00171,0.0017,0.00168,0.00171,0.00217,0.00437,0.11564,0.25118,0.13986,0.16524,0.17406,0.17094,0.16142,0.14606,0.12242,0.09958,0.18428,0.15831,0.14523,0.07957,0.00194,0.00186,0.00181]},"Autumn":{"office":[0.0,0.0,0.0,0.0,0.0,0.0,0.0,0.04658,0.05733,0.07679,0.07826,0.07911,0.07866,0.07795,0.07671,0.07501,0.07318,0.05478,0.05412,0.05377,0.0452,0.0,0.0,0.0],"residential":[0.00347,0.00327,0.00315,0.00303,0.00294,0.00299,0.00451,0.07769,0.21535,0.07813,0.09581,0.10715,0.10236,0.09342,0.08026,0.06168,0.04337,0.1735,0.16168,0.15576,0.0609,0.00407,0.00384,0.0036],"total":[0.00347,0.00327,0.00315,0.00303,0.00294,0.00299,0.00451,0.12427,0.27268,0.15492,0.17407,0.18626,0.18102,0.17137,0.15697,0.13669,0.11655,0.22828,0.2158,0.20953,0.1061,0.00407,0.00384,0.0036]},"Winter":{"office":[0.0,0.0,0.0,0.0,0.0,0.0,0.0,0.03711,0.04464,0.06122,0.06243,0.06312,0.06332,0.06277,0.06184,0.06075,0.06003,0.04475,0.04463,0.04455,0.03756,0.0,0.0,0.0],"residential":[0.00141,0.00141,0.0014,0.0014,0.0014,0.00139,0.00139,0.02372,0.05366,0.00147,0.00221,0.00307,0.00361,0.00283,0.00222,0.00153,0.0011,0.0542,0.0536,0.05304,0.0248,0.00142,0.00141,0.00141],"total":[0.00141,0.00141,0.0014,0.0014,0.0014,0.00139,0.00139,0.06083,0.0983,0.06269,0.06464,0.06619,0.06693,0.0656,0.06406,0.06228,0.06113,0.09895,0.09823,0.09759,0.06236,0.00142,0.00141,0.00141]}},"monthly":{"office":[22.653,21.481,25.81,26.772,30.583,32.943,34.512,34.671,31.451,28.73,24.218,23.251],"residential":[7.858,9.297,18.656,31.473,63.081,115.92,127.068,130.063,90.002,36.863,13.451,9.403],"total":[30.511,30.778,44.466,58.245,93.664,148.863,161.58,164.734,121.453,65.593,37.669,32.654]}}